product,year,topic,avg_sentiment,frequency
AIR CONDITIONERS,2019,🔧 REPAIR,0.16666666666666663,9
AIR CONDITIONERS,2019,🤗 CUSTOMER CARE,0.5,6
AIR CONDITIONERS,2019,🥇 QUALITY,0.055555555555555552,9
COFFEE MACHINES (SDA),2018,⏱️ APPOINTMENT,0.0,10
COMBIS,2017,⌛ CONTACT / WAITING,0.0,16
COMBIS,2017,⏱️ APPOINTMENT,0.090909090909090925,11
COMBIS,2017,📋 WARRANTY EXTENSION,0.10000000000000002,10
COMBIS,2017,📦 DELIVERY,0.083333333333333329,6
COMBIS,2017,🔧 REPAIR,0.15517241379310348,58
COMBIS,2017,🤗 CUSTOMER CARE,0.088235294117647065,17
COMBIS,2017,🤙 CONTACT CENTER,0.14285714285714288,7
COMBIS,2017,🥇 QUALITY,0.091463414634146339,82
COOKERS,2017,🔧 REPAIR,0.6875,8
COOKERS,2017,🥇 QUALITY,0.071428571428571425,14
COOKERS,2018,🔧 REPAIR,0.29411764705882359,17
COOKERS,2018,🤙 CONTACT CENTER,0.41666666666666669,6
COOKERS,2018,🥇 QUALITY,0.0,14
COOKERS,2019,⏱️ APPOINTMENT,0.14285714285714288,7
COOKERS,2019,📦 DELIVERY,0.0,6
COOKERS,2019,🔧 REPAIR,0.11904761904761907,21
COOKERS,2019,🤗 CUSTOMER CARE,0.7142857142857143,14
COOKERS,2019,🥇 QUALITY,0.05405405405405405,37
COOKERS,2020,🔧 REPAIR,0.33333333333333331,15
COOKERS,2020,🥇 QUALITY,0.0,14
DISH-WASHERS,2017,⌛ CONTACT / WAITING,0.0,32
DISH-WASHERS,2017,⏱️ APPOINTMENT,0.076923076923076913,39
DISH-WASHERS,2017,🏷️ BRAND,0.28571428571428575,7
DISH-WASHERS,2017,📋 WARRANTY EXTENSION,0.0576923076923077,26
DISH-WASHERS,2017,📦 DELIVERY,0.025000000000000005,20
DISH-WASHERS,2017,🔧 REPAIR,0.15625000000000003,96
DISH-WASHERS,2017,🤗 CUSTOMER CARE,0.18918918918918923,37
DISH-WASHERS,2017,🤙 CONTACT CENTER,0.035714285714285719,42
DISH-WASHERS,2017,🥇 QUALITY,0.0697674418604651,86
DISHWASHERS,2017,⌛ CONTACT / WAITING,0.064748201438848921,139
DISHWASHERS,2017,⏱️ APPOINTMENT,0.15137614678899081,218
DISHWASHERS,2017,🏷️ BRAND,0.2023809523809523,42
DISHWASHERS,2017,📋 WARRANTY EXTENSION,0.10937499999999999,96
DISHWASHERS,2017,📦 DELIVERY,0.096153846153846187,52
DISHWASHERS,2017,🔧 REPAIR,0.25396825396825418,441
DISHWASHERS,2017,🚿 PRODUCT,0.13043478260869565,23
DISHWASHERS,2017,🤗 CUSTOMER CARE,0.39347826086956506,230
DISHWASHERS,2017,🤙 CONTACT CENTER,0.17829457364341078,129
DISHWASHERS,2017,🥇 QUALITY,0.097664543524416086,471
DISHWASHERS,2018,⌛ CONTACT / WAITING,0.057251908396946584,131
DISHWASHERS,2018,⏱️ APPOINTMENT,0.15263157894736845,190
DISHWASHERS,2018,🏷️ BRAND,0.20833333333333329,60
DISHWASHERS,2018,📋 WARRANTY EXTENSION,0.17272727272727273,110
DISHWASHERS,2018,📦 DELIVERY,0.12658227848101269,79
DISHWASHERS,2018,🔧 REPAIR,0.24765624999999997,640
DISHWASHERS,2018,🚿 PRODUCT,0.16666666666666671,30
DISHWASHERS,2018,🤗 CUSTOMER CARE,0.43432203389830515,236
DISHWASHERS,2018,🤙 CONTACT CENTER,0.41743119266055045,109
DISHWASHERS,2018,🥇 QUALITY,0.098784194528875366,658
DISHWASHERS,2019,⌛ CONTACT / WAITING,0.094696969696969682,132
DISHWASHERS,2019,⏱️ APPOINTMENT,0.12650602409638551,332
DISHWASHERS,2019,🏷️ BRAND,0.34466019417475735,103
DISHWASHERS,2019,📋 WARRANTY EXTENSION,0.15625,160
DISHWASHERS,2019,📦 DELIVERY,0.090909090909090939,88
DISHWASHERS,2019,🔧 REPAIR,0.27061855670103124,970
DISHWASHERS,2019,🚿 PRODUCT,0.163265306122449,49
DISHWASHERS,2019,🤗 CUSTOMER CARE,0.45579268292682923,328
DISHWASHERS,2019,🤙 CONTACT CENTER,0.3348214285714286,112
DISHWASHERS,2019,🥇 QUALITY,0.11764705882352924,1088
DISHWASHERS,2020,⌛ CONTACT / WAITING,0.13291139240506325,79
DISHWASHERS,2020,⏱️ APPOINTMENT,0.16062176165803113,193
DISHWASHERS,2020,🏷️ BRAND,0.23529411764705888,85
DISHWASHERS,2020,📋 WARRANTY EXTENSION,0.13541666666666669,144
DISHWASHERS,2020,📦 DELIVERY,0.17857142857142858,42
DISHWASHERS,2020,🔧 REPAIR,0.29834710743801646,605
DISHWASHERS,2020,🚿 PRODUCT,0.13461538461538464,52
DISHWASHERS,2020,🤗 CUSTOMER CARE,0.44043321299639,277
DISHWASHERS,2020,🤙 CONTACT CENTER,0.36746987951807225,83
DISHWASHERS,2020,🥇 QUALITY,0.12905982905982907,585
DRYERS,2017,⌛ CONTACT / WAITING,0.0757575757575758,66
DRYERS,2017,⏱️ APPOINTMENT,0.12500000000000003,104
DRYERS,2017,🏷️ BRAND,0.12500000000000003,16
DRYERS,2017,📋 WARRANTY EXTENSION,0.06451612903225809,62
DRYERS,2017,📦 DELIVERY,0.13095238095238093,42
DRYERS,2017,🔧 REPAIR,0.19636963696369644,303
DRYERS,2017,🚿 PRODUCT,0.035087719298245605,57
DRYERS,2017,🤗 CUSTOMER CARE,0.27611940298507459,134
DRYERS,2017,🤙 CONTACT CENTER,0.13124999999999995,80
DRYERS,2017,🥇 QUALITY,0.10488505747126438,348
DRYERS,2018,⌛ CONTACT / WAITING,0.086666666666666684,75
DRYERS,2018,⏱️ APPOINTMENT,0.10810810810810813,148
DRYERS,2018,🏷️ BRAND,0.25581395348837216,43
DRYERS,2018,📋 WARRANTY EXTENSION,0.14204545454545453,88
DRYERS,2018,📦 DELIVERY,0.19607843137254896,51
DRYERS,2018,🔧 REPAIR,0.28347280334728064,478
DRYERS,2018,🚿 PRODUCT,0.094936708860759542,79
DRYERS,2018,🤗 CUSTOMER CARE,0.3999999999999998,185
DRYERS,2018,🤙 CONTACT CENTER,0.38709677419354838,62
DRYERS,2018,🥇 QUALITY,0.11524822695035447,564
DRYERS,2019,⌛ CONTACT / WAITING,0.065217391304347783,115
DRYERS,2019,⏱️ APPOINTMENT,0.1446886446886447,273
DRYERS,2019,🏷️ BRAND,0.21287128712871289,101
DRYERS,2019,📋 WARRANTY EXTENSION,0.1166666666666667,150
DRYERS,2019,📦 DELIVERY,0.14351851851851852,108
DRYERS,2019,🔧 REPAIR,0.212230215827338,973
DRYERS,2019,🚿 PRODUCT,0.13333333333333333,120
DRYERS,2019,🤗 CUSTOMER CARE,0.36578171091445444,339
DRYERS,2019,🤙 CONTACT CENTER,0.26428571428571423,140
DRYERS,2019,🥇 QUALITY,0.11322869955156953,1338
DRYERS,2020,⌛ CONTACT / WAITING,0.020833333333333346,48
DRYERS,2020,⏱️ APPOINTMENT,0.12612612612612614,111
DRYERS,2020,🏷️ BRAND,0.16981132075471697,53
DRYERS,2020,📋 WARRANTY EXTENSION,0.12886597938144331,97
DRYERS,2020,📦 DELIVERY,0.11224489795918369,49
DRYERS,2020,🔧 REPAIR,0.23890063424947142,473
DRYERS,2020,🚿 PRODUCT,0.12068965517241383,58
DRYERS,2020,🤗 CUSTOMER CARE,0.38944723618090443,199
DRYERS,2020,🤙 CONTACT CENTER,0.35087719298245629,57
DRYERS,2020,🥇 QUALITY,0.10742496050552916,633
F.M.O.,2017,⌛ CONTACT / WAITING,0.0,8
F.M.O.,2017,⏱️ APPOINTMENT,0.2,10
F.M.O.,2017,🔧 REPAIR,0.15384615384615385,13
F.M.O.,2017,🤗 CUSTOMER CARE,0.06666666666666668,15
F.M.O.,2017,🤙 CONTACT CENTER,0.41666666666666669,12
F.M.O.,2017,🥇 QUALITY,0.065217391304347824,23
FREEZERS,2017,🏷️ BRAND,0.41666666666666669,6
FREEZERS,2017,🔧 REPAIR,0.225,20
FREEZERS,2017,🤗 CUSTOMER CARE,0.24999999999999997,14
FREEZERS,2017,🥇 QUALITY,0.065789473684210537,38
FREEZERS,2018,⌛ CONTACT / WAITING,0.0,10
FREEZERS,2018,⏱️ APPOINTMENT,0.18181818181818182,11
FREEZERS,2018,🔧 REPAIR,0.19791666666666663,48
FREEZERS,2018,🤗 CUSTOMER CARE,0.5,14
FREEZERS,2018,🤙 CONTACT CENTER,0.11111111111111113,9
FREEZERS,2018,🥇 QUALITY,0.12962962962962962,54
FREEZERS,2019,⌛ CONTACT / WAITING,0.0909090909090909,22
FREEZERS,2019,⏱️ APPOINTMENT,0.16666666666666669,9
FREEZERS,2019,🏷️ BRAND,0.33333333333333337,6
FREEZERS,2019,📋 WARRANTY EXTENSION,0.0,8
FREEZERS,2019,🔧 REPAIR,0.2771084337349396,83
FREEZERS,2019,🚿 PRODUCT,0.25,6
FREEZERS,2019,🤗 CUSTOMER CARE,0.36,25
FREEZERS,2019,🤙 CONTACT CENTER,0.13157894736842107,19
FREEZERS,2019,🥇 QUALITY,0.070093457943925228,107
FREEZERS,2020,⌛ CONTACT / WAITING,0.049999999999999996,10
FREEZERS,2020,⏱️ APPOINTMENT,0.16666666666666669,12
FREEZERS,2020,🏷️ BRAND,0.062500000000000014,8
FREEZERS,2020,📋 WARRANTY EXTENSION,0.099999999999999992,10
FREEZERS,2020,📦 DELIVERY,0.19999999999999998,10
FREEZERS,2020,🔧 REPAIR,0.18390804597701152,87
FREEZERS,2020,🚿 PRODUCT,0.0,7
FREEZERS,2020,🤗 CUSTOMER CARE,0.38,25
FREEZERS,2020,🤙 CONTACT CENTER,0.125,8
FREEZERS,2020,🥇 QUALITY,0.059633027522935776,109
FRIDGE FREEZERS,2017,⌛ CONTACT / WAITING,0.093333333333333351,75
FRIDGE FREEZERS,2017,⏱️ APPOINTMENT,0.16141732283464572,127
FRIDGE FREEZERS,2017,🏷️ BRAND,0.23529411764705888,34
FRIDGE FREEZERS,2017,📋 WARRANTY EXTENSION,0.10294117647058829,68
FRIDGE FREEZERS,2017,📦 DELIVERY,0.18181818181818182,55
FRIDGE FREEZERS,2017,🔧 REPAIR,0.23198847262247829,347
FRIDGE FREEZERS,2017,🚿 PRODUCT,0.14285714285714285,21
FRIDGE FREEZERS,2017,🤗 CUSTOMER CARE,0.33333333333333343,135
FRIDGE FREEZERS,2017,🤙 CONTACT CENTER,0.18000000000000005,75
FRIDGE FREEZERS,2017,🥇 QUALITY,0.08804347826086964,460
FRIDGE FREEZERS,2018,⌛ CONTACT / WAITING,0.10156250000000004,64
FRIDGE FREEZERS,2018,⏱️ APPOINTMENT,0.1464968152866242,157
FRIDGE FREEZERS,2018,🏷️ BRAND,0.23333333333333342,45
FRIDGE FREEZERS,2018,📋 WARRANTY EXTENSION,0.12500000000000008,72
FRIDGE FREEZERS,2018,📦 DELIVERY,0.13414634146341461,82
FRIDGE FREEZERS,2018,🔧 REPAIR,0.2283702213279678,497
FRIDGE FREEZERS,2018,🚿 PRODUCT,0.092592592592592587,27
FRIDGE FREEZERS,2018,🤗 CUSTOMER CARE,0.37837837837837851,185
FRIDGE FREEZERS,2018,🤙 CONTACT CENTER,0.33802816901408439,71
FRIDGE FREEZERS,2018,🥇 QUALITY,0.078625954198473222,655
FRIDGE FREEZERS,2019,⌛ CONTACT / WAITING,0.12328767123287669,146
FRIDGE FREEZERS,2019,⏱️ APPOINTMENT,0.14853556485355648,239
FRIDGE FREEZERS,2019,🏷️ BRAND,0.21621621621621626,111
FRIDGE FREEZERS,2019,📋 WARRANTY EXTENSION,0.15740740740740744,108
FRIDGE FREEZERS,2019,📦 DELIVERY,0.14953271028037388,107
FRIDGE FREEZERS,2019,🔧 REPAIR,0.22829763246899676,887
FRIDGE FREEZERS,2019,🚿 PRODUCT,0.19791666666666666,48
FRIDGE FREEZERS,2019,🤗 CUSTOMER CARE,0.38427299703264095,337
FRIDGE FREEZERS,2019,🤙 CONTACT CENTER,0.27972027972027969,143
FRIDGE FREEZERS,2019,🥇 QUALITY,0.0980167810831427,1311
FRIDGE FREEZERS,2020,⌛ CONTACT / WAITING,0.064102564102564111,39
FRIDGE FREEZERS,2020,⏱️ APPOINTMENT,0.16666666666666677,114
FRIDGE FREEZERS,2020,🏷️ BRAND,0.10204081632653063,49
FRIDGE FREEZERS,2020,📋 WARRANTY EXTENSION,0.14210526315789485,95
FRIDGE FREEZERS,2020,📦 DELIVERY,0.15833333333333333,60
FRIDGE FREEZERS,2020,🔧 REPAIR,0.21735395189003431,582
FRIDGE FREEZERS,2020,🚿 PRODUCT,0.25,30
FRIDGE FREEZERS,2020,🤗 CUSTOMER CARE,0.35238095238095229,210
FRIDGE FREEZERS,2020,🤙 CONTACT CENTER,0.29487179487179488,78
FRIDGE FREEZERS,2020,🥇 QUALITY,0.074002574002573943,777
FRIDGES,2017,🔧 REPAIR,0.23076923076923078,13
FRIDGES,2017,🥇 QUALITY,0.14285714285714285,21
HOB,2017,⌛ CONTACT / WAITING,0.0,15
HOB,2017,⏱️ APPOINTMENT,0.099999999999999992,25
HOB,2017,🏷️ BRAND,0.0,6
HOB,2017,📋 WARRANTY EXTENSION,0.0,7
HOB,2017,📦 DELIVERY,0.0,7
HOB,2017,🔧 REPAIR,0.060606060606060608,33
HOB,2017,🤗 CUSTOMER CARE,0.10000000000000002,10
HOB,2017,🤙 CONTACT CENTER,0.09375,16
HOB,2017,🥇 QUALITY,0.10317460317460318,63
HOBS,2017,⌛ CONTACT / WAITING,0.055555555555555546,54
HOBS,2017,⏱️ APPOINTMENT,0.045454545454545463,33
HOBS,2017,🏷️ BRAND,0.16666666666666669,24
HOBS,2017,📋 WARRANTY EXTENSION,0.052631578947368432,19
HOBS,2017,📦 DELIVERY,0.029411764705882353,17
HOBS,2017,🔧 REPAIR,0.23790322580645157,124
HOBS,2017,🤗 CUSTOMER CARE,0.30597014925373145,67
HOBS,2017,🤙 CONTACT CENTER,0.19230769230769232,52
HOBS,2017,🥇 QUALITY,0.091743119266055023,218
HOBS,2018,⌛ CONTACT / WAITING,0.04878048780487805,82
HOBS,2018,⏱️ APPOINTMENT,0.063291139240506319,79
HOBS,2018,🏷️ BRAND,0.16666666666666666,39
HOBS,2018,📋 WARRANTY EXTENSION,0.10000000000000002,25
HOBS,2018,📦 DELIVERY,0.065217391304347838,23
HOBS,2018,🔧 REPAIR,0.22537878787878779,264
HOBS,2018,🚿 PRODUCT,0.055555555555555566,18
HOBS,2018,🤗 CUSTOMER CARE,0.34269662921348321,89
HOBS,2018,🤙 CONTACT CENTER,0.24166666666666667,60
HOBS,2018,🥇 QUALITY,0.06136363636363637,440
HOBS,2019,⌛ CONTACT / WAITING,0.052000000000000005,125
HOBS,2019,⏱️ APPOINTMENT,0.11392405063291142,79
HOBS,2019,🏷️ BRAND,0.28571428571428586,49
HOBS,2019,📋 WARRANTY EXTENSION,0.080357142857142877,56
HOBS,2019,📦 DELIVERY,0.1730769230769231,26
HOBS,2019,🔧 REPAIR,0.26912181303116151,353
HOBS,2019,🚿 PRODUCT,0.16000000000000003,25
HOBS,2019,🤗 CUSTOMER CARE,0.41666666666666669,150
HOBS,2019,🤙 CONTACT CENTER,0.23972602739726032,73
HOBS,2019,🥇 QUALITY,0.082241630276564753,687
HOBS,2020,⌛ CONTACT / WAITING,0.029411764705882366,34
HOBS,2020,⏱️ APPOINTMENT,0.19863013698630144,73
HOBS,2020,🏷️ BRAND,0.15714285714285711,35
HOBS,2020,📋 WARRANTY EXTENSION,0.21428571428571427,42
HOBS,2020,📦 DELIVERY,0.2,30
HOBS,2020,🔧 REPAIR,0.22398190045248867,221
HOBS,2020,🚿 PRODUCT,0.22222222222222227,18
HOBS,2020,🤗 CUSTOMER CARE,0.36979166666666674,96
HOBS,2020,🤙 CONTACT CENTER,0.19565217391304349,23
HOBS,2020,🥇 QUALITY,0.12391304347826089,460
HOODS,2017,🔧 REPAIR,0.1875,8
HOODS,2017,🥇 QUALITY,0.16666666666666669,6
HOODS,2018,⏱️ APPOINTMENT,0.2,10
HOODS,2018,🔧 REPAIR,0.29166666666666669,12
HOODS,2018,🥇 QUALITY,0.071428571428571438,14
HOODS,2019,🔧 REPAIR,0.18421052631578949,19
HOODS,2019,🤗 CUSTOMER CARE,0.625,12
HOODS,2019,🥇 QUALITY,0.0,21
MICROWAVE OVEN,2018,⌛ CONTACT / WAITING,0.0096153846153846142,52
MICROWAVE OVEN,2018,⏱️ APPOINTMENT,0.047169811320754713,53
MICROWAVE OVEN,2018,🏷️ BRAND,0.22916666666666669,24
MICROWAVE OVEN,2018,📋 WARRANTY EXTENSION,0.16666666666666666,18
MICROWAVE OVEN,2018,📦 DELIVERY,0.0,9
MICROWAVE OVEN,2018,🔧 REPAIR,0.21481481481481485,135
MICROWAVE OVEN,2018,🚿 PRODUCT,0.12500000000000003,8
MICROWAVE OVEN,2018,🤗 CUSTOMER CARE,0.3300970873786408,103
MICROWAVE OVEN,2018,🤙 CONTACT CENTER,0.14516129032258063,31
MICROWAVE OVEN,2018,🥇 QUALITY,0.081578947368421043,190
MICROWAVE OVEN,2019,⌛ CONTACT / WAITING,0.040322580645161296,62
MICROWAVE OVEN,2019,⏱️ APPOINTMENT,0.1526315789473684,95
MICROWAVE OVEN,2019,🏷️ BRAND,0.19565217391304346,23
MICROWAVE OVEN,2019,📋 WARRANTY EXTENSION,0.1375,40
MICROWAVE OVEN,2019,📦 DELIVERY,0.073170731707317083,41
MICROWAVE OVEN,2019,🔧 REPAIR,0.21097046413502102,237
MICROWAVE OVEN,2019,🚿 PRODUCT,0.17857142857142858,14
MICROWAVE OVEN,2019,🤗 CUSTOMER CARE,0.23484848484848486,132
MICROWAVE OVEN,2019,🤙 CONTACT CENTER,0.20000000000000004,50
MICROWAVE OVEN,2019,🥇 QUALITY,0.064393939393939392,396
MICROWAVE OVEN,2020,⌛ CONTACT / WAITING,0.0,20
MICROWAVE OVEN,2020,⏱️ APPOINTMENT,0.14444444444444446,45
MICROWAVE OVEN,2020,🏷️ BRAND,0.029411764705882353,17
MICROWAVE OVEN,2020,📋 WARRANTY EXTENSION,0.076923076923076927,26
MICROWAVE OVEN,2020,📦 DELIVERY,0.14285714285714288,14
MICROWAVE OVEN,2020,🔧 REPAIR,0.13414634146341467,123
MICROWAVE OVEN,2020,🚿 PRODUCT,0.071428571428571438,7
MICROWAVE OVEN,2020,🤗 CUSTOMER CARE,0.27631578947368418,76
MICROWAVE OVEN,2020,🤙 CONTACT CENTER,0.33333333333333337,12
MICROWAVE OVEN,2020,🥇 QUALITY,0.095132743362831854,226
MICROWAVES (FS),2017,⌛ CONTACT / WAITING,0.019230769230769235,26
MICROWAVES (FS),2017,⏱️ APPOINTMENT,0.12765957446808507,47
MICROWAVES (FS),2017,🏷️ BRAND,0.16666666666666666,12
MICROWAVES (FS),2017,📋 WARRANTY EXTENSION,0.058823529411764705,17
MICROWAVES (FS),2017,📦 DELIVERY,0.14285714285714288,14
MICROWAVES (FS),2017,🔧 REPAIR,0.20769230769230765,65
MICROWAVES (FS),2017,🤗 CUSTOMER CARE,0.13541666666666669,48
MICROWAVES (FS),2017,🤙 CONTACT CENTER,0.22058823529411764,34
MICROWAVES (FS),2017,🥇 QUALITY,0.06422018348623855,109
MICROWAVES (FS),2018,🥇 QUALITY,0.0,14
OVEN,2017,⌛ CONTACT / WAITING,0.0625,16
OVEN,2017,⏱️ APPOINTMENT,0.088235294117647065,17
OVEN,2017,🏷️ BRAND,0.0,11
OVEN,2017,📦 DELIVERY,0.090909090909090925,11
OVEN,2017,🔧 REPAIR,0.1702127659574468,47
OVEN,2017,🤗 CUSTOMER CARE,0.26,25
OVEN,2017,🤙 CONTACT CENTER,0.13333333333333336,15
OVEN,2017,🥇 QUALITY,0.044444444444444446,45
OVENS,2017,⌛ CONTACT / WAITING,0.071428571428571466,63
OVENS,2017,⏱️ APPOINTMENT,0.098214285714285726,56
OVENS,2017,🏷️ BRAND,0.23529411764705882,17
OVENS,2017,📋 WARRANTY EXTENSION,0.081395348837209308,43
OVENS,2017,📦 DELIVERY,0.11538461538461539,13
OVENS,2017,🔧 REPAIR,0.21812080536912754,149
OVENS,2017,🚿 PRODUCT,0.12500000000000003,8
OVENS,2017,🤗 CUSTOMER CARE,0.28089887640449435,89
OVENS,2017,🤙 CONTACT CENTER,0.14705882352941174,51
OVENS,2017,🥇 QUALITY,0.0676855895196507,229
OVENS,2018,⌛ CONTACT / WAITING,0.054878048780487812,82
OVENS,2018,⏱️ APPOINTMENT,0.10679611650485438,103
OVENS,2018,🏷️ BRAND,0.14285714285714288,28
OVENS,2018,📋 WARRANTY EXTENSION,0.071428571428571438,42
OVENS,2018,📦 DELIVERY,0.18571428571428564,35
OVENS,2018,🔧 REPAIR,0.24632352941176466,272
OVENS,2018,🚿 PRODUCT,0.14285714285714288,14
OVENS,2018,🤗 CUSTOMER CARE,0.30180180180180183,111
OVENS,2018,🤙 CONTACT CENTER,0.32456140350877194,57
OVENS,2018,🥇 QUALITY,0.09682080924855492,346
OVENS,2019,⌛ CONTACT / WAITING,0.11428571428571432,140
OVENS,2019,⏱️ APPOINTMENT,0.10256410256410259,117
OVENS,2019,🏷️ BRAND,0.23134328358208953,67
OVENS,2019,📋 WARRANTY EXTENSION,0.11403508771929828,57
OVENS,2019,📦 DELIVERY,0.057142857142857141,35
OVENS,2019,🔧 REPAIR,0.25675675675675663,407
OVENS,2019,🚿 PRODUCT,0.18965517241379315,29
OVENS,2019,🤗 CUSTOMER CARE,0.32338308457711451,201
OVENS,2019,🤙 CONTACT CENTER,0.33783783783783794,74
OVENS,2019,🥇 QUALITY,0.10440456769983679,613
OVENS,2020,⌛ CONTACT / WAITING,0.17142857142857149,35
OVENS,2020,⏱️ APPOINTMENT,0.1615384615384616,65
OVENS,2020,🏷️ BRAND,0.39,50
OVENS,2020,📋 WARRANTY EXTENSION,0.16949152542372883,59
OVENS,2020,📦 DELIVERY,0.16666666666666669,27
OVENS,2020,🔧 REPAIR,0.26791808873720108,293
OVENS,2020,🚿 PRODUCT,0.13157894736842107,19
OVENS,2020,🤗 CUSTOMER CARE,0.43065693430656932,137
OVENS,2020,🤙 CONTACT CENTER,0.39062500000000006,32
OVENS,2020,🥇 QUALITY,0.094890510948905049,411
REFRIGERATORS,2017,⌛ CONTACT / WAITING,0.093750000000000014,16
REFRIGERATORS,2017,⏱️ APPOINTMENT,0.08,25
REFRIGERATORS,2017,🏷️ BRAND,0.0,6
REFRIGERATORS,2017,📋 WARRANTY EXTENSION,0.25,10
REFRIGERATORS,2017,📦 DELIVERY,0.15,10
REFRIGERATORS,2017,🔧 REPAIR,0.16911764705882354,68
REFRIGERATORS,2017,🤗 CUSTOMER CARE,0.28846153846153849,26
REFRIGERATORS,2017,🤙 CONTACT CENTER,0.19444444444444445,18
REFRIGERATORS,2017,🥇 QUALITY,0.0691489361702128,94
REFRIGERATORS,2018,⌛ CONTACT / WAITING,0.046875000000000007,32
REFRIGERATORS,2018,⏱️ APPOINTMENT,0.17948717948717946,39
REFRIGERATORS,2018,🏷️ BRAND,0.16666666666666669,9
REFRIGERATORS,2018,📋 WARRANTY EXTENSION,0.125,16
REFRIGERATORS,2018,📦 DELIVERY,0.071428571428571438,14
REFRIGERATORS,2018,🔧 REPAIR,0.14159292035398233,113
REFRIGERATORS,2018,🤗 CUSTOMER CARE,0.24999999999999989,44
REFRIGERATORS,2018,🤙 CONTACT CENTER,0.15625,16
REFRIGERATORS,2018,🥇 QUALITY,0.041095890410958909,146
REFRIGERATORS,2019,⌛ CONTACT / WAITING,0.052631578947368418,19
REFRIGERATORS,2019,⏱️ APPOINTMENT,0.053191489361702135,47
REFRIGERATORS,2019,🏷️ BRAND,0.39285714285714285,14
REFRIGERATORS,2019,📋 WARRANTY EXTENSION,0.058823529411764705,17
REFRIGERATORS,2019,📦 DELIVERY,0.035714285714285726,28
REFRIGERATORS,2019,🔧 REPAIR,0.20652173913043478,138
REFRIGERATORS,2019,🤗 CUSTOMER CARE,0.45535714285714285,56
REFRIGERATORS,2019,🤙 CONTACT CENTER,0.44444444444444442,18
REFRIGERATORS,2019,🥇 QUALITY,0.085000000000000048,200
REFRIGERATORS,2020,⌛ CONTACT / WAITING,0.16666666666666669,6
REFRIGERATORS,2020,⏱️ APPOINTMENT,0.19444444444444445,18
REFRIGERATORS,2020,📋 WARRANTY EXTENSION,0.16666666666666669,6
REFRIGERATORS,2020,📦 DELIVERY,0.1111111111111111,9
REFRIGERATORS,2020,🔧 REPAIR,0.20714285714285727,70
REFRIGERATORS,2020,🤗 CUSTOMER CARE,0.44117647058823534,34
REFRIGERATORS,2020,🤙 CONTACT CENTER,0.29166666666666663,12
REFRIGERATORS,2020,🥇 QUALITY,0.10000000000000002,105
WASHER,2017,⌛ CONTACT / WAITING,0.032467532467532458,77
WASHER,2017,⏱️ APPOINTMENT,0.11029411764705885,68
WASHER,2017,🏷️ BRAND,0.0,9
WASHER,2017,📋 WARRANTY EXTENSION,0.12500000000000003,40
WASHER,2017,📦 DELIVERY,0.0,20
WASHER,2017,🔧 REPAIR,0.20503597122302156,139
WASHER,2017,🚿 PRODUCT,0.12500000000000003,8
WASHER,2017,🤗 CUSTOMER CARE,0.39830508474576271,59
WASHER,2017,🤙 CONTACT CENTER,0.078125000000000042,64
WASHER,2017,🥇 QUALITY,0.099999999999999978,165
WASHER-DRYER,2017,⌛ CONTACT / WAITING,0.0,8
WASHER-DRYER,2017,⏱️ APPOINTMENT,0.0625,16
WASHER-DRYER,2017,📦 DELIVERY,0.049999999999999996,10
WASHER-DRYER,2017,🔧 REPAIR,0.17741935483870969,31
WASHER-DRYER,2017,🤗 CUSTOMER CARE,0.26666666666666666,15
WASHER-DRYER,2017,🤙 CONTACT CENTER,0.0,7
WASHER-DRYER,2017,🥇 QUALITY,0.05405405405405405,37
WASHER-DRYERS,2017,⌛ CONTACT / WAITING,0.13333333333333336,30
WASHER-DRYERS,2017,⏱️ APPOINTMENT,0.07575757575757576,33
WASHER-DRYERS,2017,🏷️ BRAND,0.3125,8
WASHER-DRYERS,2017,📋 WARRANTY EXTENSION,0.14516129032258063,31
WASHER-DRYERS,2017,📦 DELIVERY,0.027777777777777776,18
WASHER-DRYERS,2017,🔧 REPAIR,0.17368421052631586,95
WASHER-DRYERS,2017,🚿 PRODUCT,0.083333333333333343,6
WASHER-DRYERS,2017,🤗 CUSTOMER CARE,0.4509803921568627,51
WASHER-DRYERS,2017,🤙 CONTACT CENTER,0.36666666666666664,45
WASHER-DRYERS,2017,🥇 QUALITY,0.090000000000000011,100
WASHER-DRYERS,2018,⌛ CONTACT / WAITING,0.085714285714285715,35
WASHER-DRYERS,2018,⏱️ APPOINTMENT,0.071428571428571438,70
WASHER-DRYERS,2018,🏷️ BRAND,0.33333333333333337,12
WASHER-DRYERS,2018,📋 WARRANTY EXTENSION,0.22413793103448273,29
WASHER-DRYERS,2018,📦 DELIVERY,0.096153846153846173,26
WASHER-DRYERS,2018,🔧 REPAIR,0.23571428571428582,140
WASHER-DRYERS,2018,🤗 CUSTOMER CARE,0.40833333333333333,60
WASHER-DRYERS,2018,🤙 CONTACT CENTER,0.31818181818181818,22
WASHER-DRYERS,2018,🥇 QUALITY,0.16463414634146342,164
WASHER-DRYERS,2019,⌛ CONTACT / WAITING,0.075000000000000011,40
WASHER-DRYERS,2019,⏱️ APPOINTMENT,0.12903225806451618,124
WASHER-DRYERS,2019,🏷️ BRAND,0.14000000000000004,25
WASHER-DRYERS,2019,📋 WARRANTY EXTENSION,0.10714285714285715,42
WASHER-DRYERS,2019,📦 DELIVERY,0.051282051282051287,39
WASHER-DRYERS,2019,🔧 REPAIR,0.26881720430107575,279
WASHER-DRYERS,2019,🚿 PRODUCT,0.13333333333333336,15
WASHER-DRYERS,2019,🤗 CUSTOMER CARE,0.34677419354838707,124
WASHER-DRYERS,2019,🤙 CONTACT CENTER,0.5,34
WASHER-DRYERS,2019,🥇 QUALITY,0.15407854984894265,331
WASHER-DRYERS,2020,⌛ CONTACT / WAITING,0.099999999999999992,10
WASHER-DRYERS,2020,⏱️ APPOINTMENT,0.17187500000000003,64
WASHER-DRYERS,2020,🏷️ BRAND,0.39999999999999997,10
WASHER-DRYERS,2020,📋 WARRANTY EXTENSION,0.1875,40
WASHER-DRYERS,2020,📦 DELIVERY,0.09375,16
WASHER-DRYERS,2020,🔧 REPAIR,0.29545454545454525,154
WASHER-DRYERS,2020,🚿 PRODUCT,0.16666666666666669,12
WASHER-DRYERS,2020,🤗 CUSTOMER CARE,0.55932203389830515,59
WASHER-DRYERS,2020,🤙 CONTACT CENTER,0.66666666666666663,9
WASHER-DRYERS,2020,🥇 QUALITY,0.17628205128205138,156
WASHERS,2017,⌛ CONTACT / WAITING,0.073863636363636381,176
WASHERS,2017,⏱️ APPOINTMENT,0.15000000000000011,240
WASHERS,2017,🏷️ BRAND,0.21551724137931028,58
WASHERS,2017,📋 WARRANTY EXTENSION,0.16560509554140132,157
WASHERS,2017,📦 DELIVERY,0.087499999999999981,80
WASHERS,2017,🔧 REPAIR,0.26470588235294135,646
WASHERS,2017,🚿 PRODUCT,0.26315789473684204,57
WASHERS,2017,🤗 CUSTOMER CARE,0.45017182130584182,291
WASHERS,2017,🤙 CONTACT CENTER,0.21649484536082472,194
WASHERS,2017,🥇 QUALITY,0.14411366711772688,739
WASHERS,2018,⌛ CONTACT / WAITING,0.074626865671641812,134
WASHERS,2018,⏱️ APPOINTMENT,0.12787723785166236,391
WASHERS,2018,🏷️ BRAND,0.3256880733944954,109
WASHERS,2018,📋 WARRANTY EXTENSION,0.13259668508287284,181
WASHERS,2018,📦 DELIVERY,0.086776859504132248,121
WASHERS,2018,🔧 REPAIR,0.2372013651877134,879
WASHERS,2018,🚿 PRODUCT,0.19230769230769235,78
WASHERS,2018,🤗 CUSTOMER CARE,0.4680232558139536,344
WASHERS,2018,🤙 CONTACT CENTER,0.42236024844720493,161
WASHERS,2018,🥇 QUALITY,0.13572679509632232,1142
WASHERS,2019,⌛ CONTACT / WAITING,0.11968085106382982,188
WASHERS,2019,⏱️ APPOINTMENT,0.15039840637450211,502
WASHERS,2019,🏷️ BRAND,0.37912087912087916,182
WASHERS,2019,📋 WARRANTY EXTENSION,0.18430034129692846,293
WASHERS,2019,📦 DELIVERY,0.14427860696517417,201
WASHERS,2019,🔧 REPAIR,0.29944203347799109,1613
WASHERS,2019,🚿 PRODUCT,0.22426470588235292,136
WASHERS,2019,🤗 CUSTOMER CARE,0.535714285714285,644
WASHERS,2019,🤙 CONTACT CENTER,0.375,256
WASHERS,2019,🥇 QUALITY,0.16260566882148206,2011
WASHERS,2020,⌛ CONTACT / WAITING,0.058593750000000056,128
WASHERS,2020,⏱️ APPOINTMENT,0.16237942122186502,311
WASHERS,2020,🏷️ BRAND,0.25862068965517254,87
WASHERS,2020,📋 WARRANTY EXTENSION,0.18882978723404251,188
WASHERS,2020,📦 DELIVERY,0.12980769230769229,104
WASHERS,2020,🔧 REPAIR,0.29226190476190511,840
WASHERS,2020,🚿 PRODUCT,0.17164179104477617,67
WASHERS,2020,🤗 CUSTOMER CARE,0.52211302211302213,407
WASHERS,2020,🤙 CONTACT CENTER,0.32500000000000007,120
WASHERS,2020,🥇 QUALITY,0.16241197183098591,1136
