sub_topic,topic,date,avg_sentiment,frequency
After Repair Problems,ğŸ”§ REPAIR,2017-01,0.12857142857142859,35
After Repair Problems,ğŸ”§ REPAIR,2017-02,0.1307692307692308,65
After Repair Problems,ğŸ”§ REPAIR,2017-03,0.14285714285714285,49
After Repair Problems,ğŸ”§ REPAIR,2017-04,0.0925925925925926,27
After Repair Problems,ğŸ”§ REPAIR,2017-05,0.2338709677419355,62
After Repair Problems,ğŸ”§ REPAIR,2017-06,0.13414634146341464,41
After Repair Problems,ğŸ”§ REPAIR,2017-07,0.11428571428571434,35
After Repair Problems,ğŸ”§ REPAIR,2017-08,0.10714285714285715,14
After Repair Problems,ğŸ”§ REPAIR,2017-09,0.12857142857142856,35
After Repair Problems,ğŸ”§ REPAIR,2017-10,0.10714285714285714,42
After Repair Problems,ğŸ”§ REPAIR,2017-11,0.16417910447761203,67
After Repair Problems,ğŸ”§ REPAIR,2017-12,0.19,50
After Repair Problems,ğŸ”§ REPAIR,2018-01,0.12500000000000008,64
After Repair Problems,ğŸ”§ REPAIR,2018-02,0.125,44
After Repair Problems,ğŸ”§ REPAIR,2018-03,0.15625000000000003,64
After Repair Problems,ğŸ”§ REPAIR,2018-04,0.24468085106382989,47
After Repair Problems,ğŸ”§ REPAIR,2018-05,0.15116279069767444,43
After Repair Problems,ğŸ”§ REPAIR,2018-06,0.17187499999999997,32
After Repair Problems,ğŸ”§ REPAIR,2018-07,0.16666666666666666,45
After Repair Problems,ğŸ”§ REPAIR,2018-08,0.12820512820512822,39
After Repair Problems,ğŸ”§ REPAIR,2018-09,0.12121212121212124,33
After Repair Problems,ğŸ”§ REPAIR,2018-10,0.20408163265306126,49
After Repair Problems,ğŸ”§ REPAIR,2018-11,0.14485981308411208,107
After Repair Problems,ğŸ”§ REPAIR,2018-12,0.19672131147540986,122
After Repair Problems,ğŸ”§ REPAIR,2019-01,0.15126050420168072,119
After Repair Problems,ğŸ”§ REPAIR,2019-02,0.1809210526315789,152
After Repair Problems,ğŸ”§ REPAIR,2019-03,0.15873015873015872,126
After Repair Problems,ğŸ”§ REPAIR,2019-04,0.16666666666666666,108
After Repair Problems,ğŸ”§ REPAIR,2019-05,0.1666666666666666,102
After Repair Problems,ğŸ”§ REPAIR,2019-06,0.19021739130434795,92
After Repair Problems,ğŸ”§ REPAIR,2019-07,0.079207920792079237,101
After Repair Problems,ğŸ”§ REPAIR,2019-08,0.08333333333333337,78
After Repair Problems,ğŸ”§ REPAIR,2019-09,0.13829787234042551,94
After Repair Problems,ğŸ”§ REPAIR,2019-10,0.13669064748201448,139
After Repair Problems,ğŸ”§ REPAIR,2019-11,0.13636363636363638,110
After Repair Problems,ğŸ”§ REPAIR,2019-12,0.15648854961832059,131
After Repair Problems,ğŸ”§ REPAIR,2020-01,0.14141414141414141,99
After Repair Problems,ğŸ”§ REPAIR,2020-02,0.14880952380952386,84
After Repair Problems,ğŸ”§ REPAIR,2020-03,0.1964285714285714,56
After Repair Problems,ğŸ”§ REPAIR,2020-04,0.083333333333333356,36
After Repair Problems,ğŸ”§ REPAIR,2020-05,0.12037037037037034,54
After Repair Problems,ğŸ”§ REPAIR,2020-06,0.14556962025316461,79
After Repair Problems,ğŸ”§ REPAIR,2020-07,0.18292682926829271,82
After Repair Problems,ğŸ”§ REPAIR,2020-08,0.17424242424242431,66
After Repair Problems,ğŸ”§ REPAIR,2020-09,0.14615384615384619,65
After Repair Problems,ğŸ”§ REPAIR,2020-11,0.13392857142857151,56
After Repair Problems,ğŸ”§ REPAIR,2020-12,0.18666666666666673,75
After Repair Problems,ğŸ”§ REPAIR,2021-01,0.1893203883495147,103
After Repair Problems,ğŸ”§ REPAIR,2021-02,0.18275862068965515,145
After Repair Problems,ğŸ”§ REPAIR,2021-03,0.16355140186915881,107
Appointment,â±ï¸ APPOINTMENT,2017-02,0.25000000000000006,6
Appointment,â±ï¸ APPOINTMENT,2017-03,0.0,8
Appointment,â±ï¸ APPOINTMENT,2017-05,0.23076923076923075,13
Appointment,â±ï¸ APPOINTMENT,2017-06,0.16666666666666669,6
Appointment,â±ï¸ APPOINTMENT,2017-07,0.3,10
Appointment,â±ï¸ APPOINTMENT,2017-08,0.25,8
Appointment,â±ï¸ APPOINTMENT,2017-09,0.15384615384615383,13
Appointment,â±ï¸ APPOINTMENT,2017-10,0.125,8
Appointment,â±ï¸ APPOINTMENT,2017-11,0.083333333333333329,6
Appointment,â±ï¸ APPOINTMENT,2018-01,0.027777777777777776,18
Appointment,â±ï¸ APPOINTMENT,2018-02,0.055555555555555566,9
Appointment,â±ï¸ APPOINTMENT,2018-03,0.11764705882352944,17
Appointment,â±ï¸ APPOINTMENT,2018-05,0.055555555555555566,9
Appointment,â±ï¸ APPOINTMENT,2018-10,0.05000000000000001,10
Appointment,â±ï¸ APPOINTMENT,2018-11,0.055555555555555566,18
Appointment,â±ï¸ APPOINTMENT,2018-12,0.022727272727272731,22
Appointment,â±ï¸ APPOINTMENT,2019-01,0.083333333333333329,12
Appointment,â±ï¸ APPOINTMENT,2019-02,0.078947368421052641,19
Appointment,â±ï¸ APPOINTMENT,2019-03,0.071428571428571425,14
Appointment,â±ï¸ APPOINTMENT,2019-04,0.076923076923076913,13
Appointment,â±ï¸ APPOINTMENT,2019-05,0.0625,16
Appointment,â±ï¸ APPOINTMENT,2019-06,0.16666666666666666,9
Appointment,â±ï¸ APPOINTMENT,2019-07,0.049999999999999996,20
Appointment,â±ï¸ APPOINTMENT,2019-08,0.055555555555555552,9
Appointment,â±ï¸ APPOINTMENT,2019-11,0.20588235294117646,17
Appointment,â±ï¸ APPOINTMENT,2019-12,0.16666666666666669,6
Appointment,â±ï¸ APPOINTMENT,2020-01,0.035714285714285719,14
Appointment,â±ï¸ APPOINTMENT,2020-02,0.13333333333333333,15
Appointment,â±ï¸ APPOINTMENT,2020-03,0.0,7
Appointment,â±ï¸ APPOINTMENT,2020-05,0.12500000000000003,8
Appointment,â±ï¸ APPOINTMENT,2020-08,0.071428571428571438,7
Appointment,â±ï¸ APPOINTMENT,2020-09,0.0,7
Appointment,â±ï¸ APPOINTMENT,2020-11,0.055555555555555552,9
Appointment,â±ï¸ APPOINTMENT,2020-12,0.15384615384615383,13
Appointment,â±ï¸ APPOINTMENT,2021-01,0.22727272727272727,11
Appointment,â±ï¸ APPOINTMENT,2021-02,0.20588235294117646,17
Appointment,â±ï¸ APPOINTMENT,2021-03,0.27777777777777779,18
Call Price,ğŸ¤™ CONTACT CENTER,2017-01,0.013513513513513519,37
Call Price,ğŸ¤™ CONTACT CENTER,2017-02,0.049019607843137268,51
Call Price,ğŸ¤™ CONTACT CENTER,2017-03,0.11702127659574467,47
Call Price,ğŸ¤™ CONTACT CENTER,2017-04,0.10227272727272727,44
Call Price,ğŸ¤™ CONTACT CENTER,2017-05,0.075000000000000025,60
Call Price,ğŸ¤™ CONTACT CENTER,2017-06,0.046511627906976744,43
Call Price,ğŸ¤™ CONTACT CENTER,2017-07,0.0,11
Call Price,ğŸ¤™ CONTACT CENTER,2017-10,0.055555555555555552,9
Call Price,ğŸ¤™ CONTACT CENTER,2017-11,0.3,10
Call Price,ğŸ¤™ CONTACT CENTER,2017-12,0.071428571428571438,7
Call Price,ğŸ¤™ CONTACT CENTER,2018-01,0.05000000000000001,10
Call Price,ğŸ¤™ CONTACT CENTER,2018-03,0.16666666666666669,9
Call Price,ğŸ¤™ CONTACT CENTER,2019-01,0.3888888888888889,9
Call Price,ğŸ¤™ CONTACT CENTER,2019-03,0.16666666666666669,6
Call Price,ğŸ¤™ CONTACT CENTER,2019-04,0.33333333333333337,6
Call Price,ğŸ¤™ CONTACT CENTER,2019-07,0.0,9
Call Price,ğŸ¤™ CONTACT CENTER,2019-08,0.25,6
Call Price,ğŸ¤™ CONTACT CENTER,2019-10,0.11111111111111113,9
Call Price,ğŸ¤™ CONTACT CENTER,2019-11,0.083333333333333329,6
Call Price,ğŸ¤™ CONTACT CENTER,2020-12,0.17857142857142858,14
Call Price,ğŸ¤™ CONTACT CENTER,2021-01,0.33333333333333331,9
Call Price,ğŸ¤™ CONTACT CENTER,2021-02,0.12499999999999999,12
Call Price,ğŸ¤™ CONTACT CENTER,2021-03,0.0,6
Complaints Service,ğŸ¤™ CONTACT CENTER,2017-04,0.0,7
Complaints Service,ğŸ¤™ CONTACT CENTER,2017-07,0.0,6
Complaints Service,ğŸ¤™ CONTACT CENTER,2017-12,0.12500000000000003,8
Complaints Service,ğŸ¤™ CONTACT CENTER,2018-01,0.22727272727272721,11
Complaints Service,ğŸ¤™ CONTACT CENTER,2018-02,0.25,8
Complaints Service,ğŸ¤™ CONTACT CENTER,2018-04,0.0,6
Complaints Service,ğŸ¤™ CONTACT CENTER,2018-06,0.0625,8
Complaints Service,ğŸ¤™ CONTACT CENTER,2018-12,0.20833333333333337,12
Complaints Service,ğŸ¤™ CONTACT CENTER,2019-02,0.038461538461538464,13
Complaints Service,ğŸ¤™ CONTACT CENTER,2019-04,0.0,9
Complaints Service,ğŸ¤™ CONTACT CENTER,2019-06,0.0,7
Complaints Service,ğŸ¤™ CONTACT CENTER,2019-07,0.28571428571428575,7
Complaints Service,ğŸ¤™ CONTACT CENTER,2019-08,0.16666666666666666,9
Complaints Service,ğŸ¤™ CONTACT CENTER,2019-11,0.0,7
Complaints Service,ğŸ¤™ CONTACT CENTER,2019-12,0.19999999999999998,10
Complaints Service,ğŸ¤™ CONTACT CENTER,2020-01,0.062500000000000014,8
Complaints Service,ğŸ¤™ CONTACT CENTER,2020-12,0.16666666666666669,6
Complaints Service,ğŸ¤™ CONTACT CENTER,2021-01,0.0,7
Complaints Service,ğŸ¤™ CONTACT CENTER,2021-03,0.33333333333333331,9
Contact Center,ğŸ¤™ CONTACT CENTER,2017-01,0.2142857142857143,14
Contact Center,ğŸ¤™ CONTACT CENTER,2017-02,0.16129032258064521,31
Contact Center,ğŸ¤™ CONTACT CENTER,2017-03,0.26,25
Contact Center,ğŸ¤™ CONTACT CENTER,2017-04,0.2608695652173913,23
Contact Center,ğŸ¤™ CONTACT CENTER,2017-05,0.30555555555555552,36
Contact Center,ğŸ¤™ CONTACT CENTER,2017-06,0.4,30
Contact Center,ğŸ¤™ CONTACT CENTER,2017-07,0.38095238095238093,21
Contact Center,ğŸ¤™ CONTACT CENTER,2017-08,0.28947368421052633,19
Contact Center,ğŸ¤™ CONTACT CENTER,2017-09,0.49999999999999994,23
Contact Center,ğŸ¤™ CONTACT CENTER,2017-10,0.36956521739130432,23
Contact Center,ğŸ¤™ CONTACT CENTER,2017-11,0.2878787878787879,33
Contact Center,ğŸ¤™ CONTACT CENTER,2017-12,0.44444444444444442,27
Contact Center,ğŸ¤™ CONTACT CENTER,2018-01,0.35135135135135132,37
Contact Center,ğŸ¤™ CONTACT CENTER,2018-02,0.32352941176470584,34
Contact Center,ğŸ¤™ CONTACT CENTER,2018-03,0.44444444444444442,27
Contact Center,ğŸ¤™ CONTACT CENTER,2018-04,0.46153846153846151,26
Contact Center,ğŸ¤™ CONTACT CENTER,2018-05,0.62500000000000011,20
Contact Center,ğŸ¤™ CONTACT CENTER,2018-06,0.425,20
Contact Center,ğŸ¤™ CONTACT CENTER,2018-07,0.6,15
Contact Center,ğŸ¤™ CONTACT CENTER,2018-08,0.65,10
Contact Center,ğŸ¤™ CONTACT CENTER,2018-09,0.50000000000000011,14
Contact Center,ğŸ¤™ CONTACT CENTER,2018-10,0.77777777777777757,18
Contact Center,ğŸ¤™ CONTACT CENTER,2018-11,0.36486486486486475,37
Contact Center,ğŸ¤™ CONTACT CENTER,2018-12,0.55882352941176461,51
Contact Center,ğŸ¤™ CONTACT CENTER,2019-01,0.38679245283018854,53
Contact Center,ğŸ¤™ CONTACT CENTER,2019-02,0.53846153846153821,65
Contact Center,ğŸ¤™ CONTACT CENTER,2019-03,0.3928571428571429,28
Contact Center,ğŸ¤™ CONTACT CENTER,2019-04,0.3035714285714286,28
Contact Center,ğŸ¤™ CONTACT CENTER,2019-05,0.5625,56
Contact Center,ğŸ¤™ CONTACT CENTER,2019-06,0.30952380952380948,42
Contact Center,ğŸ¤™ CONTACT CENTER,2019-07,0.48387096774193561,31
Contact Center,ğŸ¤™ CONTACT CENTER,2019-08,0.583333333333333,30
Contact Center,ğŸ¤™ CONTACT CENTER,2019-09,0.48275862068965519,29
Contact Center,ğŸ¤™ CONTACT CENTER,2019-10,0.33749999999999997,40
Contact Center,ğŸ¤™ CONTACT CENTER,2019-11,0.43181818181818182,66
Contact Center,ğŸ¤™ CONTACT CENTER,2019-12,0.48333333333333334,30
Contact Center,ğŸ¤™ CONTACT CENTER,2020-01,0.38461538461538464,39
Contact Center,ğŸ¤™ CONTACT CENTER,2020-02,0.5375,40
Contact Center,ğŸ¤™ CONTACT CENTER,2020-03,0.3,20
Contact Center,ğŸ¤™ CONTACT CENTER,2020-04,0.65384615384615385,13
Contact Center,ğŸ¤™ CONTACT CENTER,2020-05,0.52083333333333348,24
Contact Center,ğŸ¤™ CONTACT CENTER,2020-06,0.59615384615384626,26
Contact Center,ğŸ¤™ CONTACT CENTER,2020-07,0.35000000000000003,20
Contact Center,ğŸ¤™ CONTACT CENTER,2020-08,0.31578947368421051,19
Contact Center,ğŸ¤™ CONTACT CENTER,2020-09,0.45833333333333348,24
Contact Center,ğŸ¤™ CONTACT CENTER,2020-11,0.47619047619047616,21
Contact Center,ğŸ¤™ CONTACT CENTER,2020-12,0.44444444444444442,18
Contact Center,ğŸ¤™ CONTACT CENTER,2021-01,0.6737288135593219,118
Contact Center,ğŸ¤™ CONTACT CENTER,2021-02,0.82314410480349354,229
Contact Center,ğŸ¤™ CONTACT CENTER,2021-03,0.87728937728937662,273
Contact Difficulties,âŒ› CONTACT / WAITING,2017-01,0.011363636363636364,44
Contact Difficulties,âŒ› CONTACT / WAITING,2017-02,0.053191489361702128,47
Contact Difficulties,âŒ› CONTACT / WAITING,2017-03,0.0735294117647059,34
Contact Difficulties,âŒ› CONTACT / WAITING,2017-04,0.13461538461538461,26
Contact Difficulties,âŒ› CONTACT / WAITING,2017-05,0.026315789473684216,57
Contact Difficulties,âŒ› CONTACT / WAITING,2017-06,0.034482758620689655,29
Contact Difficulties,âŒ› CONTACT / WAITING,2017-07,0.022727272727272731,22
Contact Difficulties,âŒ› CONTACT / WAITING,2017-08,0.0,27
Contact Difficulties,âŒ› CONTACT / WAITING,2017-09,0.19642857142857142,28
Contact Difficulties,âŒ› CONTACT / WAITING,2017-10,0.075000000000000011,40
Contact Difficulties,âŒ› CONTACT / WAITING,2017-11,0.11627906976744189,43
Contact Difficulties,âŒ› CONTACT / WAITING,2017-12,0.12264150943396225,53
Contact Difficulties,âŒ› CONTACT / WAITING,2018-01,0.050724637681159417,69
Contact Difficulties,âŒ› CONTACT / WAITING,2018-02,0.015151515151515152,33
Contact Difficulties,âŒ› CONTACT / WAITING,2018-03,0.048387096774193554,31
Contact Difficulties,âŒ› CONTACT / WAITING,2018-04,0.062500000000000014,16
Contact Difficulties,âŒ› CONTACT / WAITING,2018-05,0.19642857142857145,28
Contact Difficulties,âŒ› CONTACT / WAITING,2018-06,0.16666666666666669,21
Contact Difficulties,âŒ› CONTACT / WAITING,2018-07,0.10526315789473685,19
Contact Difficulties,âŒ› CONTACT / WAITING,2018-08,0.026315789473684209,19
Contact Difficulties,âŒ› CONTACT / WAITING,2018-09,0.15384615384615385,13
Contact Difficulties,âŒ› CONTACT / WAITING,2018-10,0.10000000000000002,20
Contact Difficulties,âŒ› CONTACT / WAITING,2018-11,0.032786885245901648,61
Contact Difficulties,âŒ› CONTACT / WAITING,2018-12,0.075757575757575787,66
Contact Difficulties,âŒ› CONTACT / WAITING,2019-01,0.13013698630136986,73
Contact Difficulties,âŒ› CONTACT / WAITING,2019-02,0.078947368421052613,76
Contact Difficulties,âŒ› CONTACT / WAITING,2019-03,0.071428571428571438,42
Contact Difficulties,âŒ› CONTACT / WAITING,2019-04,0.11111111111111113,36
Contact Difficulties,âŒ› CONTACT / WAITING,2019-05,0.060975609756097573,41
Contact Difficulties,âŒ› CONTACT / WAITING,2019-06,0.068181818181818191,44
Contact Difficulties,âŒ› CONTACT / WAITING,2019-07,0.10714285714285715,42
Contact Difficulties,âŒ› CONTACT / WAITING,2019-08,0.18965517241379309,29
Contact Difficulties,âŒ› CONTACT / WAITING,2019-09,0.057142857142857141,35
Contact Difficulties,âŒ› CONTACT / WAITING,2019-10,0.048387096774193575,31
Contact Difficulties,âŒ› CONTACT / WAITING,2019-11,0.18115942028985513,69
Contact Difficulties,âŒ› CONTACT / WAITING,2019-12,0.10294117647058827,34
Contact Difficulties,âŒ› CONTACT / WAITING,2020-01,0.056603773584905669,53
Contact Difficulties,âŒ› CONTACT / WAITING,2020-02,0.097222222222222238,36
Contact Difficulties,âŒ› CONTACT / WAITING,2020-03,0.0625,16
Contact Difficulties,âŒ› CONTACT / WAITING,2020-04,0.0,11
Contact Difficulties,âŒ› CONTACT / WAITING,2020-05,0.047619047619047616,21
Contact Difficulties,âŒ› CONTACT / WAITING,2020-06,0.19565217391304346,23
Contact Difficulties,âŒ› CONTACT / WAITING,2020-07,0.045454545454545463,33
Contact Difficulties,âŒ› CONTACT / WAITING,2020-08,0.125,20
Contact Difficulties,âŒ› CONTACT / WAITING,2020-09,0.057692307692307689,26
Contact Difficulties,âŒ› CONTACT / WAITING,2020-11,0.076923076923076927,26
Contact Difficulties,âŒ› CONTACT / WAITING,2020-12,0.1,30
Contact Difficulties,âŒ› CONTACT / WAITING,2021-01,0.17543859649122809,57
Contact Difficulties,âŒ› CONTACT / WAITING,2021-02,0.18656716417910449,67
Contact Difficulties,âŒ› CONTACT / WAITING,2021-03,0.22033898305084745,59
Electronics Quality,ğŸ¥‡ QUALITY,2017-01,0.11764705882352944,17
Electronics Quality,ğŸ¥‡ QUALITY,2017-02,0.0,19
Electronics Quality,ğŸ¥‡ QUALITY,2017-03,0.15384615384615385,13
Electronics Quality,ğŸ¥‡ QUALITY,2017-04,0.041666666666666671,12
Electronics Quality,ğŸ¥‡ QUALITY,2017-05,0.0,12
Electronics Quality,ğŸ¥‡ QUALITY,2017-06,0.038461538461538464,13
Electronics Quality,ğŸ¥‡ QUALITY,2017-07,0.0,6
Electronics Quality,ğŸ¥‡ QUALITY,2017-08,0.0,17
Electronics Quality,ğŸ¥‡ QUALITY,2017-09,0.0,13
Electronics Quality,ğŸ¥‡ QUALITY,2017-10,0.076923076923076927,13
Electronics Quality,ğŸ¥‡ QUALITY,2017-11,0.025000000000000005,20
Electronics Quality,ğŸ¥‡ QUALITY,2017-12,0.0,9
Electronics Quality,ğŸ¥‡ QUALITY,2018-01,0.0,14
Electronics Quality,ğŸ¥‡ QUALITY,2018-02,0.0,11
Electronics Quality,ğŸ¥‡ QUALITY,2018-03,0.0,9
Electronics Quality,ğŸ¥‡ QUALITY,2018-04,0.0,10
Electronics Quality,ğŸ¥‡ QUALITY,2018-05,0.0,21
Electronics Quality,ğŸ¥‡ QUALITY,2018-06,0.0,12
Electronics Quality,ğŸ¥‡ QUALITY,2018-07,0.090909090909090925,11
Electronics Quality,ğŸ¥‡ QUALITY,2018-08,0.0,6
Electronics Quality,ğŸ¥‡ QUALITY,2018-10,0.0,10
Electronics Quality,ğŸ¥‡ QUALITY,2018-11,0.0,19
Electronics Quality,ğŸ¥‡ QUALITY,2018-12,0.024390243902439022,41
Electronics Quality,ğŸ¥‡ QUALITY,2019-01,0.11111111111111113,45
Electronics Quality,ğŸ¥‡ QUALITY,2019-02,0.035714285714285719,42
Electronics Quality,ğŸ¥‡ QUALITY,2019-03,0.0,35
Electronics Quality,ğŸ¥‡ QUALITY,2019-04,0.041666666666666657,24
Electronics Quality,ğŸ¥‡ QUALITY,2019-05,0.096153846153846159,26
Electronics Quality,ğŸ¥‡ QUALITY,2019-06,0.033333333333333333,30
Electronics Quality,ğŸ¥‡ QUALITY,2019-07,0.044117647058823532,34
Electronics Quality,ğŸ¥‡ QUALITY,2019-08,0.0,28
Electronics Quality,ğŸ¥‡ QUALITY,2019-09,0.095238095238095247,21
Electronics Quality,ğŸ¥‡ QUALITY,2019-10,0.035714285714285712,28
Electronics Quality,ğŸ¥‡ QUALITY,2019-11,0.017241379310344831,29
Electronics Quality,ğŸ¥‡ QUALITY,2019-12,0.053571428571428568,28
Electronics Quality,ğŸ¥‡ QUALITY,2020-01,0.12000000000000002,25
Electronics Quality,ğŸ¥‡ QUALITY,2020-02,0.022727272727272724,22
Electronics Quality,ğŸ¥‡ QUALITY,2020-03,0.17857142857142858,14
Electronics Quality,ğŸ¥‡ QUALITY,2020-04,0.0,16
Electronics Quality,ğŸ¥‡ QUALITY,2020-05,0.0,22
Electronics Quality,ğŸ¥‡ QUALITY,2020-06,0.090909090909090925,11
Electronics Quality,ğŸ¥‡ QUALITY,2020-07,0.12500000000000003,16
Electronics Quality,ğŸ¥‡ QUALITY,2020-08,0.0,11
Electronics Quality,ğŸ¥‡ QUALITY,2020-09,0.15,20
Electronics Quality,ğŸ¥‡ QUALITY,2020-11,0.0,10
Electronics Quality,ğŸ¥‡ QUALITY,2020-12,0.1,15
Electronics Quality,ğŸ¥‡ QUALITY,2021-01,0.075000000000000011,20
Electronics Quality,ğŸ¥‡ QUALITY,2021-02,0.031250000000000007,16
Electronics Quality,ğŸ¥‡ QUALITY,2021-03,0.076923076923076927,26
Materials Quality,ğŸ¥‡ QUALITY,2017-01,0.055555555555555552,27
Materials Quality,ğŸ¥‡ QUALITY,2017-02,0.067073170731707363,82
Materials Quality,ğŸ¥‡ QUALITY,2017-03,0.022388059701492543,67
Materials Quality,ğŸ¥‡ QUALITY,2017-04,0.05681818181818183,44
Materials Quality,ğŸ¥‡ QUALITY,2017-05,0.019230769230769228,52
Materials Quality,ğŸ¥‡ QUALITY,2017-06,0.05084745762711864,59
Materials Quality,ğŸ¥‡ QUALITY,2017-07,0.027777777777777783,36
Materials Quality,ğŸ¥‡ QUALITY,2017-08,0.040540540540540529,37
Materials Quality,ğŸ¥‡ QUALITY,2017-09,0.049019607843137268,51
Materials Quality,ğŸ¥‡ QUALITY,2017-10,0.10000000000000002,60
Materials Quality,ğŸ¥‡ QUALITY,2017-11,0.047619047619047623,63
Materials Quality,ğŸ¥‡ QUALITY,2017-12,0.10204081632653064,49
Materials Quality,ğŸ¥‡ QUALITY,2018-01,0.032786885245901648,61
Materials Quality,ğŸ¥‡ QUALITY,2018-02,0.075471698113207544,53
Materials Quality,ğŸ¥‡ QUALITY,2018-03,0.014285714285714287,70
Materials Quality,ğŸ¥‡ QUALITY,2018-04,0.090000000000000011,50
Materials Quality,ğŸ¥‡ QUALITY,2018-05,0.042857142857142864,70
Materials Quality,ğŸ¥‡ QUALITY,2018-06,0.032258064516129031,62
Materials Quality,ğŸ¥‡ QUALITY,2018-07,0.023437499999999997,64
Materials Quality,ğŸ¥‡ QUALITY,2018-08,0.0,35
Materials Quality,ğŸ¥‡ QUALITY,2018-09,0.061224489795918359,49
Materials Quality,ğŸ¥‡ QUALITY,2018-10,0.038461538461538471,52
Materials Quality,ğŸ¥‡ QUALITY,2018-11,0.034615384615384624,130
Materials Quality,ğŸ¥‡ QUALITY,2018-12,0.037878787878787887,132
Materials Quality,ğŸ¥‡ QUALITY,2019-01,0.048484848484848506,165
Materials Quality,ğŸ¥‡ QUALITY,2019-02,0.026666666666666679,150
Materials Quality,ğŸ¥‡ QUALITY,2019-03,0.0684931506849315,146
Materials Quality,ğŸ¥‡ QUALITY,2019-04,0.020408163265306131,147
Materials Quality,ğŸ¥‡ QUALITY,2019-05,0.046218487394957986,119
Materials Quality,ğŸ¥‡ QUALITY,2019-06,0.041322314049586771,121
Materials Quality,ğŸ¥‡ QUALITY,2019-07,0.028571428571428574,105
Materials Quality,ğŸ¥‡ QUALITY,2019-08,0.085365853658536564,82
Materials Quality,ğŸ¥‡ QUALITY,2019-09,0.041284403669724773,109
Materials Quality,ğŸ¥‡ QUALITY,2019-10,0.045454545454545456,154
Materials Quality,ğŸ¥‡ QUALITY,2019-11,0.041935483870967752,155
Materials Quality,ğŸ¥‡ QUALITY,2019-12,0.0950413223140496,121
Materials Quality,ğŸ¥‡ QUALITY,2020-01,0.041958041958041953,143
Materials Quality,ğŸ¥‡ QUALITY,2020-02,0.12068965517241381,116
Materials Quality,ğŸ¥‡ QUALITY,2020-03,0.051020408163265314,49
Materials Quality,ğŸ¥‡ QUALITY,2020-04,0.041666666666666671,60
Materials Quality,ğŸ¥‡ QUALITY,2020-05,0.036082474226804113,97
Materials Quality,ğŸ¥‡ QUALITY,2020-06,0.076923076923076955,91
Materials Quality,ğŸ¥‡ QUALITY,2020-07,0.044642857142857151,112
Materials Quality,ğŸ¥‡ QUALITY,2020-08,0.025974025974025976,77
Materials Quality,ğŸ¥‡ QUALITY,2020-09,0.040404040404040421,99
Materials Quality,ğŸ¥‡ QUALITY,2020-11,0.11494252873563221,87
Materials Quality,ğŸ¥‡ QUALITY,2020-12,0.078125000000000042,96
Materials Quality,ğŸ¥‡ QUALITY,2021-01,0.01063829787234043,94
Materials Quality,ğŸ¥‡ QUALITY,2021-02,0.0404040404040404,99
Materials Quality,ğŸ¥‡ QUALITY,2021-03,0.14102564102564102,117
Noise Quality,ğŸ¥‡ QUALITY,2017-02,0.16666666666666669,12
Noise Quality,ğŸ¥‡ QUALITY,2017-03,0.1470588235294118,17
Noise Quality,ğŸ¥‡ QUALITY,2017-04,0.0,6
Noise Quality,ğŸ¥‡ QUALITY,2017-05,0.0,9
Noise Quality,ğŸ¥‡ QUALITY,2017-06,0.0,7
Noise Quality,ğŸ¥‡ QUALITY,2017-07,0.0,9
Noise Quality,ğŸ¥‡ QUALITY,2017-08,0.0,7
Noise Quality,ğŸ¥‡ QUALITY,2017-09,0.055555555555555552,9
Noise Quality,ğŸ¥‡ QUALITY,2017-10,0.22222222222222221,9
Noise Quality,ğŸ¥‡ QUALITY,2017-11,0.1,15
Noise Quality,ğŸ¥‡ QUALITY,2017-12,0.0,8
Noise Quality,ğŸ¥‡ QUALITY,2018-01,0.0,6
Noise Quality,ğŸ¥‡ QUALITY,2018-02,0.0,9
Noise Quality,ğŸ¥‡ QUALITY,2018-03,0.0,9
Noise Quality,ğŸ¥‡ QUALITY,2018-04,0.0,9
Noise Quality,ğŸ¥‡ QUALITY,2018-05,0.0,9
Noise Quality,ğŸ¥‡ QUALITY,2018-07,0.0,9
Noise Quality,ğŸ¥‡ QUALITY,2018-10,0.25,8
Noise Quality,ğŸ¥‡ QUALITY,2018-11,0.0,17
Noise Quality,ğŸ¥‡ QUALITY,2018-12,0.027777777777777776,18
Noise Quality,ğŸ¥‡ QUALITY,2019-01,0.0,16
Noise Quality,ğŸ¥‡ QUALITY,2019-02,0.0,26
Noise Quality,ğŸ¥‡ QUALITY,2019-03,0.052631578947368418,19
Noise Quality,ğŸ¥‡ QUALITY,2019-04,0.045454545454545449,22
Noise Quality,ğŸ¥‡ QUALITY,2019-05,0.07407407407407407,27
Noise Quality,ğŸ¥‡ QUALITY,2019-06,0.0,10
Noise Quality,ğŸ¥‡ QUALITY,2019-07,0.090909090909090925,11
Noise Quality,ğŸ¥‡ QUALITY,2019-08,0.0,9
Noise Quality,ğŸ¥‡ QUALITY,2019-09,0.11111111111111113,9
Noise Quality,ğŸ¥‡ QUALITY,2019-10,0.0,15
Noise Quality,ğŸ¥‡ QUALITY,2019-11,0.18518518518518517,27
Noise Quality,ğŸ¥‡ QUALITY,2019-12,0.0,23
Noise Quality,ğŸ¥‡ QUALITY,2020-01,0.038461538461538464,26
Noise Quality,ğŸ¥‡ QUALITY,2020-02,0.0,18
Noise Quality,ğŸ¥‡ QUALITY,2020-03,0.055555555555555566,9
Noise Quality,ğŸ¥‡ QUALITY,2020-04,0.071428571428571438,7
Noise Quality,ğŸ¥‡ QUALITY,2020-05,0.0,14
Noise Quality,ğŸ¥‡ QUALITY,2020-06,0.18749999999999997,16
Noise Quality,ğŸ¥‡ QUALITY,2020-07,0.16666666666666666,6
Noise Quality,ğŸ¥‡ QUALITY,2020-08,0.0,11
Noise Quality,ğŸ¥‡ QUALITY,2020-09,0.090909090909090925,11
Noise Quality,ğŸ¥‡ QUALITY,2020-11,0.14285714285714288,14
Noise Quality,ğŸ¥‡ QUALITY,2020-12,0.0,12
Noise Quality,ğŸ¥‡ QUALITY,2021-01,0.090909090909090912,11
Noise Quality,ğŸ¥‡ QUALITY,2021-02,0.0,17
Noise Quality,ğŸ¥‡ QUALITY,2021-03,0.0,13
Operator Preparation,ğŸ¤™ CONTACT CENTER,2017-01,0.0,15
Operator Preparation,ğŸ¤™ CONTACT CENTER,2017-02,0.075,20
Operator Preparation,ğŸ¤™ CONTACT CENTER,2017-03,0.1111111111111111,27
Operator Preparation,ğŸ¤™ CONTACT CENTER,2017-04,0.18181818181818182,22
Operator Preparation,ğŸ¤™ CONTACT CENTER,2017-05,0.14062500000000006,32
Operator Preparation,ğŸ¤™ CONTACT CENTER,2017-06,0.26086956521739135,23
Operator Preparation,ğŸ¤™ CONTACT CENTER,2017-07,0.16666666666666666,15
Operator Preparation,ğŸ¤™ CONTACT CENTER,2017-08,0.0,9
Operator Preparation,ğŸ¤™ CONTACT CENTER,2017-09,0.14285714285714285,14
Operator Preparation,ğŸ¤™ CONTACT CENTER,2017-10,0.11111111111111113,9
Operator Preparation,ğŸ¤™ CONTACT CENTER,2017-11,0.066666666666666652,15
Operator Preparation,ğŸ¤™ CONTACT CENTER,2017-12,0.14285714285714285,21
Operator Preparation,ğŸ¤™ CONTACT CENTER,2018-01,0.20454545454545456,22
Operator Preparation,ğŸ¤™ CONTACT CENTER,2018-02,0.075,20
Operator Preparation,ğŸ¤™ CONTACT CENTER,2018-03,0.36666666666666664,15
Operator Preparation,ğŸ¤™ CONTACT CENTER,2018-04,0.35000000000000003,10
Operator Preparation,ğŸ¤™ CONTACT CENTER,2018-05,0.12500000000000003,16
Operator Preparation,ğŸ¤™ CONTACT CENTER,2018-06,0.23529411764705885,17
Operator Preparation,ğŸ¤™ CONTACT CENTER,2018-07,0.25,18
Operator Preparation,ğŸ¤™ CONTACT CENTER,2018-08,0.14285714285714288,7
Operator Preparation,ğŸ¤™ CONTACT CENTER,2018-11,0.23913043478260873,23
Operator Preparation,ğŸ¤™ CONTACT CENTER,2018-12,0.225,40
Operator Preparation,ğŸ¤™ CONTACT CENTER,2019-01,0.20238095238095233,42
Operator Preparation,ğŸ¤™ CONTACT CENTER,2019-02,0.2,30
Operator Preparation,ğŸ¤™ CONTACT CENTER,2019-03,0.16666666666666671,30
Operator Preparation,ğŸ¤™ CONTACT CENTER,2019-04,0.15,20
Operator Preparation,ğŸ¤™ CONTACT CENTER,2019-05,0.10416666666666669,24
Operator Preparation,ğŸ¤™ CONTACT CENTER,2019-06,0.12500000000000003,16
Operator Preparation,ğŸ¤™ CONTACT CENTER,2019-07,0.225,20
Operator Preparation,ğŸ¤™ CONTACT CENTER,2019-08,0.30952380952380953,21
Operator Preparation,ğŸ¤™ CONTACT CENTER,2019-09,0.21428571428571427,14
Operator Preparation,ğŸ¤™ CONTACT CENTER,2019-10,0.32894736842105265,38
Operator Preparation,ğŸ¤™ CONTACT CENTER,2019-11,0.23170731707317069,41
Operator Preparation,ğŸ¤™ CONTACT CENTER,2019-12,0.21739130434782614,23
Operator Preparation,ğŸ¤™ CONTACT CENTER,2020-01,0.31818181818181829,22
Operator Preparation,ğŸ¤™ CONTACT CENTER,2020-02,0.071428571428571425,14
Operator Preparation,ğŸ¤™ CONTACT CENTER,2020-03,0.34615384615384615,13
Operator Preparation,ğŸ¤™ CONTACT CENTER,2020-05,0.0,12
Operator Preparation,ğŸ¤™ CONTACT CENTER,2020-06,0.282608695652174,23
Operator Preparation,ğŸ¤™ CONTACT CENTER,2020-07,0.25000000000000006,24
Operator Preparation,ğŸ¤™ CONTACT CENTER,2020-08,0.26923076923076927,13
Operator Preparation,ğŸ¤™ CONTACT CENTER,2020-09,0.16666666666666669,18
Operator Preparation,ğŸ¤™ CONTACT CENTER,2020-11,0.045454545454545456,11
Operator Preparation,ğŸ¤™ CONTACT CENTER,2020-12,0.20833333333333331,12
Operator Preparation,ğŸ¤™ CONTACT CENTER,2021-01,0.28378378378378377,37
Operator Preparation,ğŸ¤™ CONTACT CENTER,2021-02,0.31481481481481488,54
Operator Preparation,ğŸ¤™ CONTACT CENTER,2021-03,0.40566037735849059,53
PEX Waiting,ğŸ“¦ DELIVERY,2017-01,0.33333333333333337,6
PEX Waiting,ğŸ“¦ DELIVERY,2017-02,0.17857142857142858,14
PEX Waiting,ğŸ“¦ DELIVERY,2017-03,0.0,9
PEX Waiting,ğŸ“¦ DELIVERY,2017-05,0.2857142857142857,7
PEX Waiting,ğŸ“¦ DELIVERY,2017-06,0.16666666666666666,9
PEX Waiting,ğŸ“¦ DELIVERY,2017-07,0.2,15
PEX Waiting,ğŸ“¦ DELIVERY,2017-08,0.071428571428571438,7
PEX Waiting,ğŸ“¦ DELIVERY,2017-09,0.28571428571428575,7
PEX Waiting,ğŸ“¦ DELIVERY,2017-10,0.14285714285714288,7
PEX Waiting,ğŸ“¦ DELIVERY,2017-11,0.29166666666666669,12
PEX Waiting,ğŸ“¦ DELIVERY,2017-12,0.26923076923076922,13
PEX Waiting,ğŸ“¦ DELIVERY,2018-01,0.13157894736842107,19
PEX Waiting,ğŸ“¦ DELIVERY,2018-02,0.11538461538461539,13
PEX Waiting,ğŸ“¦ DELIVERY,2018-03,0.23076923076923075,13
PEX Waiting,ğŸ“¦ DELIVERY,2018-04,0.0,6
PEX Waiting,ğŸ“¦ DELIVERY,2018-05,0.19999999999999998,10
PEX Waiting,ğŸ“¦ DELIVERY,2018-07,0.20833333333333331,12
PEX Waiting,ğŸ“¦ DELIVERY,2018-08,0.25,12
PEX Waiting,ğŸ“¦ DELIVERY,2018-09,0.31818181818181818,11
PEX Waiting,ğŸ“¦ DELIVERY,2018-10,0.38461538461538464,13
PEX Waiting,ğŸ“¦ DELIVERY,2018-11,0.18421052631578946,19
PEX Waiting,ğŸ“¦ DELIVERY,2018-12,0.10869565217391307,23
PEX Waiting,ğŸ“¦ DELIVERY,2019-01,0.18750000000000003,24
PEX Waiting,ğŸ“¦ DELIVERY,2019-02,0.18750000000000003,32
PEX Waiting,ğŸ“¦ DELIVERY,2019-03,0.25000000000000006,30
PEX Waiting,ğŸ“¦ DELIVERY,2019-04,0.26,25
PEX Waiting,ğŸ“¦ DELIVERY,2019-05,0.23809523809523814,21
PEX Waiting,ğŸ“¦ DELIVERY,2019-06,0.29411764705882365,17
PEX Waiting,ğŸ“¦ DELIVERY,2019-07,0.15000000000000002,20
PEX Waiting,ğŸ“¦ DELIVERY,2019-08,0.1875,8
PEX Waiting,ğŸ“¦ DELIVERY,2019-09,0.30769230769230771,13
PEX Waiting,ğŸ“¦ DELIVERY,2019-10,0.13461538461538466,26
PEX Waiting,ğŸ“¦ DELIVERY,2019-11,0.23333333333333334,30
PEX Waiting,ğŸ“¦ DELIVERY,2019-12,0.19444444444444448,18
PEX Waiting,ğŸ“¦ DELIVERY,2020-01,0.17647058823529413,17
PEX Waiting,ğŸ“¦ DELIVERY,2020-02,0.32258064516129031,31
PEX Waiting,ğŸ“¦ DELIVERY,2020-03,0.23529411764705882,17
PEX Waiting,ğŸ“¦ DELIVERY,2020-04,0.16666666666666666,12
PEX Waiting,ğŸ“¦ DELIVERY,2020-05,0.31250000000000006,16
PEX Waiting,ğŸ“¦ DELIVERY,2020-06,0.23529411764705882,17
PEX Waiting,ğŸ“¦ DELIVERY,2020-07,0.26470588235294118,17
PEX Waiting,ğŸ“¦ DELIVERY,2020-08,0.28125,16
PEX Waiting,ğŸ“¦ DELIVERY,2020-09,0.1785714285714286,14
PEX Waiting,ğŸ“¦ DELIVERY,2020-11,0.19999999999999998,10
PEX Waiting,ğŸ“¦ DELIVERY,2020-12,0.175,20
PEX Waiting,ğŸ“¦ DELIVERY,2021-01,0.23529411764705882,17
PEX Waiting,ğŸ“¦ DELIVERY,2021-02,0.225,20
PEX Waiting,ğŸ“¦ DELIVERY,2021-03,0.19999999999999998,25
Parts Quality,ğŸ¥‡ QUALITY,2017-03,0.0,8
Parts Quality,ğŸ¥‡ QUALITY,2017-05,0.12500000000000003,8
Parts Quality,ğŸ¥‡ QUALITY,2017-11,0.11111111111111113,9
Parts Quality,ğŸ¥‡ QUALITY,2017-12,0.0,9
Parts Quality,ğŸ¥‡ QUALITY,2018-01,0.0,6
Parts Quality,ğŸ¥‡ QUALITY,2018-05,0.0,9
Parts Quality,ğŸ¥‡ QUALITY,2018-06,0.083333333333333343,6
Parts Quality,ğŸ¥‡ QUALITY,2018-07,0.0,12
Parts Quality,ğŸ¥‡ QUALITY,2018-08,0.0,6
Parts Quality,ğŸ¥‡ QUALITY,2018-11,0.0,7
Parts Quality,ğŸ¥‡ QUALITY,2018-12,0.0,13
Parts Quality,ğŸ¥‡ QUALITY,2019-01,0.062500000000000014,16
Parts Quality,ğŸ¥‡ QUALITY,2019-02,0.10000000000000002,10
Parts Quality,ğŸ¥‡ QUALITY,2019-03,0.0,14
Parts Quality,ğŸ¥‡ QUALITY,2019-04,0.0,10
Parts Quality,ğŸ¥‡ QUALITY,2019-05,0.0,10
Parts Quality,ğŸ¥‡ QUALITY,2019-06,0.062500000000000014,8
Parts Quality,ğŸ¥‡ QUALITY,2019-07,0.062500000000000014,16
Parts Quality,ğŸ¥‡ QUALITY,2019-08,0.0,8
Parts Quality,ğŸ¥‡ QUALITY,2019-09,0.0,10
Parts Quality,ğŸ¥‡ QUALITY,2019-10,0.0,10
Parts Quality,ğŸ¥‡ QUALITY,2019-11,0.0,17
Parts Quality,ğŸ¥‡ QUALITY,2019-12,0.0909090909090909,11
Parts Quality,ğŸ¥‡ QUALITY,2020-01,0.0,12
Parts Quality,ğŸ¥‡ QUALITY,2020-02,0.0,16
Parts Quality,ğŸ¥‡ QUALITY,2020-06,0.0,7
Parts Quality,ğŸ¥‡ QUALITY,2020-07,0.0,17
Parts Quality,ğŸ¥‡ QUALITY,2020-08,0.0,6
Parts Quality,ğŸ¥‡ QUALITY,2020-09,0.0,9
Parts Quality,ğŸ¥‡ QUALITY,2020-11,0.0,7
Parts Quality,ğŸ¥‡ QUALITY,2020-12,0.062500000000000014,8
Parts Quality,ğŸ¥‡ QUALITY,2021-01,0.0,9
Parts Quality,ğŸ¥‡ QUALITY,2021-02,0.047619047619047616,21
Parts Quality,ğŸ¥‡ QUALITY,2021-03,0.038461538461538464,13
Performance Quality,ğŸ¥‡ QUALITY,2017-01,0.12500000000000003,12
Performance Quality,ğŸ¥‡ QUALITY,2017-02,0.1,10
Performance Quality,ğŸ¥‡ QUALITY,2017-03,0.0,11
Performance Quality,ğŸ¥‡ QUALITY,2017-05,0.0,6
Performance Quality,ğŸ¥‡ QUALITY,2017-06,0.055555555555555566,9
Performance Quality,ğŸ¥‡ QUALITY,2017-07,0.14285714285714288,7
Performance Quality,ğŸ¥‡ QUALITY,2017-09,0.28571428571428575,7
Performance Quality,ğŸ¥‡ QUALITY,2017-10,0.0,8
Performance Quality,ğŸ¥‡ QUALITY,2017-11,0.0,9
Performance Quality,ğŸ¥‡ QUALITY,2017-12,0.0,6
Performance Quality,ğŸ¥‡ QUALITY,2018-01,0.3235294117647059,17
Performance Quality,ğŸ¥‡ QUALITY,2018-02,0.1764705882352941,17
Performance Quality,ğŸ¥‡ QUALITY,2018-03,0.0,9
Performance Quality,ğŸ¥‡ QUALITY,2018-04,0.16666666666666669,6
Performance Quality,ğŸ¥‡ QUALITY,2018-05,0.083333333333333343,12
Performance Quality,ğŸ¥‡ QUALITY,2018-06,0.099999999999999992,10
Performance Quality,ğŸ¥‡ QUALITY,2018-07,0.0,6
Performance Quality,ğŸ¥‡ QUALITY,2018-08,0.055555555555555552,9
Performance Quality,ğŸ¥‡ QUALITY,2018-10,0.0,6
Performance Quality,ğŸ¥‡ QUALITY,2018-11,0.041666666666666664,24
Performance Quality,ğŸ¥‡ QUALITY,2018-12,0.19230769230769232,26
Performance Quality,ğŸ¥‡ QUALITY,2019-01,0.068181818181818177,22
Performance Quality,ğŸ¥‡ QUALITY,2019-02,0.067567567567567585,37
Performance Quality,ğŸ¥‡ QUALITY,2019-03,0.060606060606060608,33
Performance Quality,ğŸ¥‡ QUALITY,2019-04,0.0909090909090909,22
Performance Quality,ğŸ¥‡ QUALITY,2019-05,0.26315789473684215,19
Performance Quality,ğŸ¥‡ QUALITY,2019-06,0.16666666666666666,21
Performance Quality,ğŸ¥‡ QUALITY,2019-07,0.038461538461538457,13
Performance Quality,ğŸ¥‡ QUALITY,2019-08,0.11904761904761907,21
Performance Quality,ğŸ¥‡ QUALITY,2019-09,0.16666666666666669,21
Performance Quality,ğŸ¥‡ QUALITY,2019-10,0.17391304347826084,23
Performance Quality,ğŸ¥‡ QUALITY,2019-11,0.14814814814814814,27
Performance Quality,ğŸ¥‡ QUALITY,2019-12,0.038461538461538457,13
Performance Quality,ğŸ¥‡ QUALITY,2020-01,0.096774193548387108,31
Performance Quality,ğŸ¥‡ QUALITY,2020-02,0.11111111111111113,18
Performance Quality,ğŸ¥‡ QUALITY,2020-03,0.1,10
Performance Quality,ğŸ¥‡ QUALITY,2020-05,0.10714285714285714,14
Performance Quality,ğŸ¥‡ QUALITY,2020-06,0.3529411764705882,17
Performance Quality,ğŸ¥‡ QUALITY,2020-07,0.10714285714285714,14
Performance Quality,ğŸ¥‡ QUALITY,2020-08,0.0,8
Performance Quality,ğŸ¥‡ QUALITY,2020-09,0.071428571428571438,14
Performance Quality,ğŸ¥‡ QUALITY,2020-11,0.21428571428571425,14
Performance Quality,ğŸ¥‡ QUALITY,2020-12,0.049999999999999996,10
Performance Quality,ğŸ¥‡ QUALITY,2021-01,0.19999999999999998,15
Performance Quality,ğŸ¥‡ QUALITY,2021-02,0.22222222222222224,27
Performance Quality,ğŸ¥‡ QUALITY,2021-03,0.1764705882352941,17
Product Components,ğŸš¿ PRODUCT,2017-01,0.083333333333333343,6
Product Components,ğŸš¿ PRODUCT,2017-03,0.045454545454545456,11
Product Components,ğŸš¿ PRODUCT,2017-04,0.055555555555555552,9
Product Components,ğŸš¿ PRODUCT,2017-05,0.0,6
Product Components,ğŸš¿ PRODUCT,2017-06,0.0,13
Product Components,ğŸš¿ PRODUCT,2017-07,0.0,9
Product Components,ğŸš¿ PRODUCT,2017-10,0.05,10
Product Components,ğŸš¿ PRODUCT,2017-11,0.0,10
Product Components,ğŸš¿ PRODUCT,2017-12,0.12500000000000003,8
Product Components,ğŸš¿ PRODUCT,2018-01,0.0,8
Product Components,ğŸš¿ PRODUCT,2018-02,0.090909090909090912,11
Product Components,ğŸš¿ PRODUCT,2018-03,0.055555555555555552,9
Product Components,ğŸš¿ PRODUCT,2018-04,0.0,11
Product Components,ğŸš¿ PRODUCT,2018-05,0.04761904761904763,21
Product Components,ğŸš¿ PRODUCT,2018-07,0.0,9
Product Components,ğŸš¿ PRODUCT,2018-08,0.0,8
Product Components,ğŸš¿ PRODUCT,2018-09,0.0,9
Product Components,ğŸš¿ PRODUCT,2018-11,0.031250000000000007,16
Product Components,ğŸš¿ PRODUCT,2018-12,0.0,22
Product Components,ğŸš¿ PRODUCT,2019-01,0.12499999999999997,12
Product Components,ğŸš¿ PRODUCT,2019-02,0.052631578947368432,19
Product Components,ğŸš¿ PRODUCT,2019-03,0.052631578947368432,19
Product Components,ğŸš¿ PRODUCT,2019-04,0.022727272727272724,22
Product Components,ğŸš¿ PRODUCT,2019-05,0.038461538461538464,13
Product Components,ğŸš¿ PRODUCT,2019-06,0.059999999999999984,25
Product Components,ğŸš¿ PRODUCT,2019-07,0.12499999999999999,12
Product Components,ğŸš¿ PRODUCT,2019-08,0.041666666666666671,12
Product Components,ğŸš¿ PRODUCT,2019-09,0.0,16
Product Components,ğŸš¿ PRODUCT,2019-10,0.022727272727272724,22
Product Components,ğŸš¿ PRODUCT,2019-11,0.045454545454545463,11
Product Components,ğŸš¿ PRODUCT,2019-12,0.1111111111111111,18
Product Components,ğŸš¿ PRODUCT,2020-01,0.088235294117647065,17
Product Components,ğŸš¿ PRODUCT,2020-02,0.03333333333333334,15
Product Components,ğŸš¿ PRODUCT,2020-03,0.0,7
Product Components,ğŸš¿ PRODUCT,2020-04,0.0625,8
Product Components,ğŸš¿ PRODUCT,2020-05,0.049999999999999996,10
Product Components,ğŸš¿ PRODUCT,2020-07,0.0,11
Product Components,ğŸš¿ PRODUCT,2020-09,0.0,10
Product Components,ğŸš¿ PRODUCT,2020-11,0.055555555555555566,9
Product Components,ğŸš¿ PRODUCT,2020-12,0.0909090909090909,11
Product Components,ğŸš¿ PRODUCT,2021-01,0.0,11
Product Components,ğŸš¿ PRODUCT,2021-02,0.0,8
Product Components,ğŸš¿ PRODUCT,2021-03,0.083333333333333343,6
Product Manual,ğŸš¿ PRODUCT,2017-02,0.04761904761904763,21
Product Manual,ğŸš¿ PRODUCT,2017-03,0.0,6
Product Manual,ğŸš¿ PRODUCT,2017-04,0.26923076923076922,13
Product Manual,ğŸš¿ PRODUCT,2017-10,0.28571428571428575,7
Product Manual,ğŸš¿ PRODUCT,2017-11,0.0,8
Product Manual,ğŸš¿ PRODUCT,2018-01,0.3125,8
Product Manual,ğŸš¿ PRODUCT,2018-04,0.0,6
Product Manual,ğŸš¿ PRODUCT,2018-05,0.0,8
Product Manual,ğŸš¿ PRODUCT,2018-07,0.0,6
Product Manual,ğŸš¿ PRODUCT,2018-10,0.35,10
Product Manual,ğŸš¿ PRODUCT,2018-11,0.093749999999999986,16
Product Manual,ğŸš¿ PRODUCT,2018-12,0.18181818181818182,11
Product Manual,ğŸš¿ PRODUCT,2019-01,0.0,9
Product Manual,ğŸš¿ PRODUCT,2019-02,0.1111111111111111,9
Product Manual,ğŸš¿ PRODUCT,2019-03,0.0625,16
Product Manual,ğŸš¿ PRODUCT,2019-04,0.1388888888888889,18
Product Manual,ğŸš¿ PRODUCT,2019-05,0.25000000000000006,18
Product Manual,ğŸš¿ PRODUCT,2019-06,0.058823529411764719,17
Product Manual,ğŸš¿ PRODUCT,2019-08,0.25,8
Product Manual,ğŸš¿ PRODUCT,2019-09,0.16666666666666669,12
Product Manual,ğŸš¿ PRODUCT,2019-10,0.11764705882352941,17
Product Manual,ğŸš¿ PRODUCT,2019-11,0.25,10
Product Manual,ğŸš¿ PRODUCT,2019-12,0.2857142857142857,7
Product Manual,ğŸš¿ PRODUCT,2020-01,0.058823529411764705,17
Product Manual,ğŸš¿ PRODUCT,2020-02,0.076923076923076927,13
Product Manual,ğŸš¿ PRODUCT,2020-03,0.099999999999999992,10
Product Manual,ğŸš¿ PRODUCT,2020-04,0.33333333333333331,18
Product Manual,ğŸš¿ PRODUCT,2020-05,0.5,7
Product Manual,ğŸš¿ PRODUCT,2020-06,0.23333333333333334,15
Product Manual,ğŸš¿ PRODUCT,2020-07,0.13333333333333333,15
Product Manual,ğŸš¿ PRODUCT,2020-08,0.0,8
Product Manual,ğŸš¿ PRODUCT,2020-09,0.25,8
Product Manual,ğŸš¿ PRODUCT,2020-11,0.10714285714285715,14
Product Manual,ğŸš¿ PRODUCT,2020-12,0.31578947368421051,19
Product Manual,ğŸš¿ PRODUCT,2021-01,0.16666666666666669,18
Product Manual,ğŸš¿ PRODUCT,2021-02,0.25,6
Product Manual,ğŸš¿ PRODUCT,2021-03,0.29166666666666669,12
Product Price,ğŸš¿ PRODUCT,2017-03,0.22222222222222227,9
Product Price,ğŸš¿ PRODUCT,2017-06,0.4285714285714286,7
Product Price,ğŸš¿ PRODUCT,2017-11,0.0625,8
Product Price,ğŸš¿ PRODUCT,2017-12,0.25,8
Product Price,ğŸš¿ PRODUCT,2018-01,0.25000000000000006,8
Product Price,ğŸš¿ PRODUCT,2018-02,0.36363636363636359,11
Product Price,ğŸš¿ PRODUCT,2018-03,0.29166666666666669,12
Product Price,ğŸš¿ PRODUCT,2018-07,0.25,6
Product Price,ğŸš¿ PRODUCT,2018-11,0.099999999999999992,10
Product Price,ğŸš¿ PRODUCT,2018-12,0.27272727272727271,11
Product Price,ğŸš¿ PRODUCT,2019-01,0.30000000000000004,20
Product Price,ğŸš¿ PRODUCT,2019-02,0.33333333333333331,9
Product Price,ğŸš¿ PRODUCT,2019-03,0.368421052631579,19
Product Price,ğŸš¿ PRODUCT,2019-04,0.1818181818181818,11
Product Price,ğŸš¿ PRODUCT,2019-05,0.43750000000000011,16
Product Price,ğŸš¿ PRODUCT,2019-06,0.29166666666666674,12
Product Price,ğŸš¿ PRODUCT,2019-07,0.33333333333333331,9
Product Price,ğŸš¿ PRODUCT,2019-08,0.23076923076923075,13
Product Price,ğŸš¿ PRODUCT,2019-10,0.49999999999999994,13
Product Price,ğŸš¿ PRODUCT,2019-11,0.46153846153846151,13
Product Price,ğŸš¿ PRODUCT,2019-12,0.75,10
Product Price,ğŸš¿ PRODUCT,2020-01,0.33333333333333337,12
Product Price,ğŸš¿ PRODUCT,2020-02,0.34375000000000006,16
Product Price,ğŸš¿ PRODUCT,2020-04,0.2142857142857143,7
Product Price,ğŸš¿ PRODUCT,2020-05,0.28571428571428575,7
Product Price,ğŸš¿ PRODUCT,2020-06,0.3125,8
Product Price,ğŸš¿ PRODUCT,2020-09,0.27777777777777785,9
Product Price,ğŸš¿ PRODUCT,2020-12,0.33333333333333337,6
Product Price,ğŸš¿ PRODUCT,2021-01,0.375,8
Product Price,ğŸš¿ PRODUCT,2021-02,0.22727272727272727,11
Product Price,ğŸš¿ PRODUCT,2021-03,0.35714285714285715,7
Product Quality,ğŸ¥‡ QUALITY,2017-01,0.13422818791946303,149
Product Quality,ğŸ¥‡ QUALITY,2017-02,0.091796875000000014,256
Product Quality,ğŸ¥‡ QUALITY,2017-03,0.1007905138339921,253
Product Quality,ğŸ¥‡ QUALITY,2017-04,0.12686567164179108,201
Product Quality,ğŸ¥‡ QUALITY,2017-05,0.12015503875969004,258
Product Quality,ğŸ¥‡ QUALITY,2017-06,0.084999999999999964,200
Product Quality,ğŸ¥‡ QUALITY,2017-07,0.14655172413793097,174
Product Quality,ğŸ¥‡ QUALITY,2017-08,0.11029411764705888,136
Product Quality,ğŸ¥‡ QUALITY,2017-09,0.14117647058823529,170
Product Quality,ğŸ¥‡ QUALITY,2017-10,0.14492753623188404,207
Product Quality,ğŸ¥‡ QUALITY,2017-11,0.11472602739726019,292
Product Quality,ğŸ¥‡ QUALITY,2017-12,0.14959016393442617,244
Product Quality,ğŸ¥‡ QUALITY,2018-01,0.15384615384615385,260
Product Quality,ğŸ¥‡ QUALITY,2018-02,0.14344262295081964,244
Product Quality,ğŸ¥‡ QUALITY,2018-03,0.13026819923371646,261
Product Quality,ğŸ¥‡ QUALITY,2018-04,0.12621359223300974,206
Product Quality,ğŸ¥‡ QUALITY,2018-05,0.14393939393939389,264
Product Quality,ğŸ¥‡ QUALITY,2018-06,0.17156862745098034,204
Product Quality,ğŸ¥‡ QUALITY,2018-07,0.11622807017543861,228
Product Quality,ğŸ¥‡ QUALITY,2018-08,0.12121212121212126,165
Product Quality,ğŸ¥‡ QUALITY,2018-09,0.09863945578231291,147
Product Quality,ğŸ¥‡ QUALITY,2018-10,0.11135371179039301,229
Product Quality,ğŸ¥‡ QUALITY,2018-11,0.12391304347826085,460
Product Quality,ğŸ¥‡ QUALITY,2018-12,0.11698440207972284,577
Product Quality,ğŸ¥‡ QUALITY,2019-01,0.15189873417721508,632
Product Quality,ğŸ¥‡ QUALITY,2019-02,0.11845930232558141,688
Product Quality,ğŸ¥‡ QUALITY,2019-03,0.13702359346642484,551
Product Quality,ğŸ¥‡ QUALITY,2019-04,0.12718446601941749,515
Product Quality,ğŸ¥‡ QUALITY,2019-05,0.1634980988593156,526
Product Quality,ğŸ¥‡ QUALITY,2019-06,0.16442953020134249,447
Product Quality,ğŸ¥‡ QUALITY,2019-07,0.15410199556541027,451
Product Quality,ğŸ¥‡ QUALITY,2019-08,0.14285714285714268,413
Product Quality,ğŸ¥‡ QUALITY,2019-09,0.14439655172413798,464
Product Quality,ğŸ¥‡ QUALITY,2019-10,0.16053511705685616,598
Product Quality,ğŸ¥‡ QUALITY,2019-11,0.15384615384615397,559
Product Quality,ğŸ¥‡ QUALITY,2019-12,0.13645224171539949,513
Product Quality,ğŸ¥‡ QUALITY,2020-01,0.11254019292604493,622
Product Quality,ğŸ¥‡ QUALITY,2020-02,0.16061185468451253,523
Product Quality,ğŸ¥‡ QUALITY,2020-03,0.12200956937799044,209
Product Quality,ğŸ¥‡ QUALITY,2020-04,0.20776255707762553,219
Product Quality,ğŸ¥‡ QUALITY,2020-05,0.16163141993957708,331
Product Quality,ğŸ¥‡ QUALITY,2020-06,0.12005649717514111,354
Product Quality,ğŸ¥‡ QUALITY,2020-07,0.13959390862944165,394
Product Quality,ğŸ¥‡ QUALITY,2020-08,0.10460992907801421,282
Product Quality,ğŸ¥‡ QUALITY,2020-09,0.14877300613496933,326
Product Quality,ğŸ¥‡ QUALITY,2020-10,0.16,25
Product Quality,ğŸ¥‡ QUALITY,2020-11,0.13442622950819658,305
Product Quality,ğŸ¥‡ QUALITY,2020-12,0.17717717717717701,333
Product Quality,ğŸ¥‡ QUALITY,2021-01,0.11740041928721172,477
Product Quality,ğŸ¥‡ QUALITY,2021-02,0.17130620985010711,467
Product Quality,ğŸ¥‡ QUALITY,2021-03,0.18901098901098889,455
Product Replacement,ğŸ”§ REPAIR,2017-01,0.071428571428571438,7
Product Replacement,ğŸ”§ REPAIR,2017-02,0.4285714285714286,7
Product Replacement,ğŸ”§ REPAIR,2017-05,0.37500000000000006,16
Product Replacement,ğŸ”§ REPAIR,2017-06,0.16666666666666666,9
Product Replacement,ğŸ”§ REPAIR,2017-09,0.19999999999999998,10
Product Replacement,ğŸ”§ REPAIR,2017-10,0.25,10
Product Replacement,ğŸ”§ REPAIR,2017-11,0.13157894736842107,19
Product Replacement,ğŸ”§ REPAIR,2017-12,0.12500000000000003,8
Product Replacement,ğŸ”§ REPAIR,2018-01,0.066666666666666666,15
Product Replacement,ğŸ”§ REPAIR,2018-02,0.15000000000000002,10
Product Replacement,ğŸ”§ REPAIR,2018-03,0.33333333333333337,12
Product Replacement,ğŸ”§ REPAIR,2018-04,0.0909090909090909,11
Product Replacement,ğŸ”§ REPAIR,2018-05,0.09375,16
Product Replacement,ğŸ”§ REPAIR,2018-06,0.2857142857142857,14
Product Replacement,ğŸ”§ REPAIR,2018-07,0.28571428571428575,7
Product Replacement,ğŸ”§ REPAIR,2018-09,0.1111111111111111,9
Product Replacement,ğŸ”§ REPAIR,2018-10,0.24999999999999997,12
Product Replacement,ğŸ”§ REPAIR,2018-11,0.21875,16
Product Replacement,ğŸ”§ REPAIR,2018-12,0.1785714285714286,28
Product Replacement,ğŸ”§ REPAIR,2019-01,0.17391304347826089,46
Product Replacement,ğŸ”§ REPAIR,2019-02,0.095238095238095261,42
Product Replacement,ğŸ”§ REPAIR,2019-03,0.25925925925925924,27
Product Replacement,ğŸ”§ REPAIR,2019-04,0.10714285714285716,28
Product Replacement,ğŸ”§ REPAIR,2019-05,0.22499999999999995,20
Product Replacement,ğŸ”§ REPAIR,2019-06,0.30434782608695654,23
Product Replacement,ğŸ”§ REPAIR,2019-07,0.14516129032258063,31
Product Replacement,ğŸ”§ REPAIR,2019-08,0.125,16
Product Replacement,ğŸ”§ REPAIR,2019-09,0.071428571428571438,7
Product Replacement,ğŸ”§ REPAIR,2019-10,0.22500000000000003,20
Product Replacement,ğŸ”§ REPAIR,2019-11,0.1470588235294118,17
Product Replacement,ğŸ”§ REPAIR,2019-12,0.26190476190476192,21
Product Replacement,ğŸ”§ REPAIR,2020-01,0.1875,32
Product Replacement,ğŸ”§ REPAIR,2020-02,0.07575757575757576,33
Product Replacement,ğŸ”§ REPAIR,2020-03,0.10526315789473686,19
Product Replacement,ğŸ”§ REPAIR,2020-04,0.20833333333333331,12
Product Replacement,ğŸ”§ REPAIR,2020-05,0.3214285714285714,14
Product Replacement,ğŸ”§ REPAIR,2020-06,0.30952380952380959,21
Product Replacement,ğŸ”§ REPAIR,2020-07,0.090909090909090925,22
Product Replacement,ğŸ”§ REPAIR,2020-08,0.16666666666666671,18
Product Replacement,ğŸ”§ REPAIR,2020-09,0.35000000000000003,20
Product Replacement,ğŸ”§ REPAIR,2020-11,0.095238095238095247,21
Product Replacement,ğŸ”§ REPAIR,2020-12,0.13333333333333333,15
Product Replacement,ğŸ”§ REPAIR,2021-01,0.18181818181818182,22
Product Replacement,ğŸ”§ REPAIR,2021-02,0.16666666666666663,24
Product Replacement,ğŸ”§ REPAIR,2021-03,0.16666666666666663,21
Proposed Solution,ğŸ”§ REPAIR,2018-01,0.0,6
Proposed Solution,ğŸ”§ REPAIR,2019-02,0.0,6
Proposed Solution,ğŸ”§ REPAIR,2019-03,0.28571428571428575,7
Proposed Solution,ğŸ”§ REPAIR,2019-04,0.33333333333333337,6
Proposed Solution,ğŸ”§ REPAIR,2019-08,0.1875,8
Proposed Solution,ğŸ”§ REPAIR,2019-10,0.062500000000000014,8
Proposed Solution,ğŸ”§ REPAIR,2020-02,0.25,8
Proposed Solution,ğŸ”§ REPAIR,2020-11,0.0,7
Proposed Solution,ğŸ”§ REPAIR,2021-01,0.0,7
Proposed Solution,ğŸ”§ REPAIR,2021-02,0.0,7
Quality Experience,ğŸ¤— CUSTOMER CARE,2017-01,0.15131578947368432,76
Quality Experience,ğŸ¤— CUSTOMER CARE,2017-02,0.27822580645161288,124
Quality Experience,ğŸ¤— CUSTOMER CARE,2017-03,0.24806201550387608,129
Quality Experience,ğŸ¤— CUSTOMER CARE,2017-04,0.32211538461538469,104
Quality Experience,ğŸ¤— CUSTOMER CARE,2017-05,0.4140625,128
Quality Experience,ğŸ¤— CUSTOMER CARE,2017-06,0.27876106194690253,113
Quality Experience,ğŸ¤— CUSTOMER CARE,2017-07,0.41326530612244883,98
Quality Experience,ğŸ¤— CUSTOMER CARE,2017-08,0.3837209302325581,86
Quality Experience,ğŸ¤— CUSTOMER CARE,2017-09,0.40404040404040409,99
Quality Experience,ğŸ¤— CUSTOMER CARE,2017-10,0.31640624999999994,128
Quality Experience,ğŸ¤— CUSTOMER CARE,2017-11,0.38345864661654122,133
Quality Experience,ğŸ¤— CUSTOMER CARE,2017-12,0.34935897435897417,156
Quality Experience,ğŸ¤— CUSTOMER CARE,2018-01,0.42148760330578511,121
Quality Experience,ğŸ¤— CUSTOMER CARE,2018-02,0.350515463917526,97
Quality Experience,ğŸ¤— CUSTOMER CARE,2018-03,0.3833333333333333,150
Quality Experience,ğŸ¤— CUSTOMER CARE,2018-04,0.38607594936708872,79
Quality Experience,ğŸ¤— CUSTOMER CARE,2018-05,0.41666666666666669,120
Quality Experience,ğŸ¤— CUSTOMER CARE,2018-06,0.39903846153846156,104
Quality Experience,ğŸ¤— CUSTOMER CARE,2018-07,0.43975903614457829,83
Quality Experience,ğŸ¤— CUSTOMER CARE,2018-08,0.34285714285714286,70
Quality Experience,ğŸ¤— CUSTOMER CARE,2018-09,0.49999999999999983,53
Quality Experience,ğŸ¤— CUSTOMER CARE,2018-10,0.39351851851851855,108
Quality Experience,ğŸ¤— CUSTOMER CARE,2018-11,0.35677083333333354,192
Quality Experience,ğŸ¤— CUSTOMER CARE,2018-12,0.40114068441064665,263
Quality Experience,ğŸ¤— CUSTOMER CARE,2019-01,0.37050359712230208,278
Quality Experience,ğŸ¤— CUSTOMER CARE,2019-02,0.37358490566037716,265
Quality Experience,ğŸ¤— CUSTOMER CARE,2019-03,0.41500000000000004,200
Quality Experience,ğŸ¤— CUSTOMER CARE,2019-04,0.5049019607843136,204
Quality Experience,ğŸ¤— CUSTOMER CARE,2019-05,0.40557939914163077,233
Quality Experience,ğŸ¤— CUSTOMER CARE,2019-06,0.45027624309392267,181
Quality Experience,ğŸ¤— CUSTOMER CARE,2019-07,0.43811881188118812,202
Quality Experience,ğŸ¤— CUSTOMER CARE,2019-08,0.44193548387096782,155
Quality Experience,ğŸ¤— CUSTOMER CARE,2019-09,0.42424242424242431,165
Quality Experience,ğŸ¤— CUSTOMER CARE,2019-10,0.45833333333333326,240
Quality Experience,ğŸ¤— CUSTOMER CARE,2019-11,0.45353982300884976,226
Quality Experience,ğŸ¤— CUSTOMER CARE,2019-12,0.44318181818181845,220
Quality Experience,ğŸ¤— CUSTOMER CARE,2020-01,0.42237442922374441,219
Quality Experience,ğŸ¤— CUSTOMER CARE,2020-02,0.43518518518518534,216
Quality Experience,ğŸ¤— CUSTOMER CARE,2020-03,0.49999999999999978,102
Quality Experience,ğŸ¤— CUSTOMER CARE,2020-04,0.46212121212121193,132
Quality Experience,ğŸ¤— CUSTOMER CARE,2020-05,0.44827586206896541,174
Quality Experience,ğŸ¤— CUSTOMER CARE,2020-06,0.41284403669724767,218
Quality Experience,ğŸ¤— CUSTOMER CARE,2020-07,0.41959798994974895,199
Quality Experience,ğŸ¤— CUSTOMER CARE,2020-08,0.37179487179487192,117
Quality Experience,ğŸ¤— CUSTOMER CARE,2020-09,0.3928571428571429,168
Quality Experience,ğŸ¤— CUSTOMER CARE,2020-10,0.4642857142857143,14
Quality Experience,ğŸ¤— CUSTOMER CARE,2020-11,0.50364963503649629,137
Quality Experience,ğŸ¤— CUSTOMER CARE,2020-12,0.37830687830687848,189
Quality Experience,ğŸ¤— CUSTOMER CARE,2021-01,0.53935185185185186,432
Quality Experience,ğŸ¤— CUSTOMER CARE,2021-02,0.65918653576437525,713
Quality Experience,ğŸ¤— CUSTOMER CARE,2021-03,0.69054878048780455,656
Repair Cost,ğŸ”§ REPAIR,2017-01,0.05000000000000001,10
Repair Cost,ğŸ”§ REPAIR,2017-02,0.052631578947368418,19
Repair Cost,ğŸ”§ REPAIR,2017-03,0.068181818181818191,22
Repair Cost,ğŸ”§ REPAIR,2017-04,0.0,10
Repair Cost,ğŸ”§ REPAIR,2017-05,0.041666666666666671,12
Repair Cost,ğŸ”§ REPAIR,2017-06,0.0,11
Repair Cost,ğŸ”§ REPAIR,2017-07,0.1875,8
Repair Cost,ğŸ”§ REPAIR,2017-09,0.05,10
Repair Cost,ğŸ”§ REPAIR,2017-11,0.041666666666666671,12
Repair Cost,ğŸ”§ REPAIR,2017-12,0.16666666666666666,9
Repair Cost,ğŸ”§ REPAIR,2018-01,0.1111111111111111,9
Repair Cost,ğŸ”§ REPAIR,2018-02,0.099999999999999992,10
Repair Cost,ğŸ”§ REPAIR,2018-03,0.0,6
Repair Cost,ğŸ”§ REPAIR,2018-04,0.16666666666666669,6
Repair Cost,ğŸ”§ REPAIR,2018-05,0.05000000000000001,10
Repair Cost,ğŸ”§ REPAIR,2018-07,0.0,6
Repair Cost,ğŸ”§ REPAIR,2018-10,0.16666666666666669,6
Repair Cost,ğŸ”§ REPAIR,2018-12,0.11111111111111113,9
Repair Cost,ğŸ”§ REPAIR,2019-01,0.0,12
Repair Cost,ğŸ”§ REPAIR,2019-02,0.041666666666666671,12
Repair Cost,ğŸ”§ REPAIR,2019-03,0.083333333333333329,18
Repair Cost,ğŸ”§ REPAIR,2019-04,0.041666666666666671,12
Repair Cost,ğŸ”§ REPAIR,2019-05,0.14999999999999997,10
Repair Cost,ğŸ”§ REPAIR,2019-06,0.11538461538461538,13
Repair Cost,ğŸ”§ REPAIR,2019-07,0.15625,16
Repair Cost,ğŸ”§ REPAIR,2019-08,0.13333333333333333,15
Repair Cost,ğŸ”§ REPAIR,2019-09,0.0,10
Repair Cost,ğŸ”§ REPAIR,2019-10,0.06666666666666668,15
Repair Cost,ğŸ”§ REPAIR,2019-11,0.15625,16
Repair Cost,ğŸ”§ REPAIR,2019-12,0.071428571428571425,14
Repair Cost,ğŸ”§ REPAIR,2020-01,0.027777777777777776,18
Repair Cost,ğŸ”§ REPAIR,2020-02,0.093749999999999986,16
Repair Cost,ğŸ”§ REPAIR,2020-03,0.0,6
Repair Cost,ğŸ”§ REPAIR,2020-04,0.1111111111111111,9
Repair Cost,ğŸ”§ REPAIR,2020-05,0.041666666666666671,12
Repair Cost,ğŸ”§ REPAIR,2020-06,0.36363636363636365,11
Repair Cost,ğŸ”§ REPAIR,2020-07,0.035714285714285719,14
Repair Cost,ğŸ”§ REPAIR,2020-08,0.16666666666666666,6
Repair Cost,ğŸ”§ REPAIR,2020-09,0.1111111111111111,9
Repair Cost,ğŸ”§ REPAIR,2020-11,0.062500000000000014,8
Repair Cost,ğŸ”§ REPAIR,2020-12,0.033333333333333333,15
Repair Cost,ğŸ”§ REPAIR,2021-01,0.023809523809523808,21
Repair Cost,ğŸ”§ REPAIR,2021-02,0.0,11
Repair Cost,ğŸ”§ REPAIR,2021-03,0.10000000000000002,30
Repair Punctuality,ğŸ”§ REPAIR,2019-02,0.12500000000000003,8
Repair Punctuality,ğŸ”§ REPAIR,2019-10,0.062500000000000014,8
Repair Punctuality,ğŸ”§ REPAIR,2019-12,0.083333333333333343,6
Repair Punctuality,ğŸ”§ REPAIR,2021-01,0.083333333333333343,6
Repair Quality,ğŸ”§ REPAIR,2017-01,0.18367346938775506,49
Repair Quality,ğŸ”§ REPAIR,2017-02,0.19907407407407401,108
Repair Quality,ğŸ”§ REPAIR,2017-03,0.19565217391304349,92
Repair Quality,ğŸ”§ REPAIR,2017-04,0.18000000000000005,50
Repair Quality,ğŸ”§ REPAIR,2017-05,0.27631578947368418,76
Repair Quality,ğŸ”§ REPAIR,2017-06,0.29166666666666674,72
Repair Quality,ğŸ”§ REPAIR,2017-07,0.31896551724137939,58
Repair Quality,ğŸ”§ REPAIR,2017-08,0.22881355932203393,59
Repair Quality,ğŸ”§ REPAIR,2017-09,0.32727272727272727,55
Repair Quality,ğŸ”§ REPAIR,2017-10,0.24657534246575347,73
Repair Quality,ğŸ”§ REPAIR,2017-11,0.24999999999999989,90
Repair Quality,ğŸ”§ REPAIR,2017-12,0.31666666666666665,60
Repair Quality,ğŸ”§ REPAIR,2018-01,0.30476190476190462,105
Repair Quality,ğŸ”§ REPAIR,2018-02,0.23125000000000004,80
Repair Quality,ğŸ”§ REPAIR,2018-03,0.29268292682926822,82
Repair Quality,ğŸ”§ REPAIR,2018-04,0.2377049180327869,61
Repair Quality,ğŸ”§ REPAIR,2018-05,0.27976190476190443,84
Repair Quality,ğŸ”§ REPAIR,2018-06,0.27922077922077915,77
Repair Quality,ğŸ”§ REPAIR,2018-07,0.26666666666666661,75
Repair Quality,ğŸ”§ REPAIR,2018-08,0.27192982456140347,57
Repair Quality,ğŸ”§ REPAIR,2018-09,0.20731707317073172,41
Repair Quality,ğŸ”§ REPAIR,2018-10,0.20454545454545456,66
Repair Quality,ğŸ”§ REPAIR,2018-11,0.28125000000000011,144
Repair Quality,ğŸ”§ REPAIR,2018-12,0.26751592356687892,157
Repair Quality,ğŸ”§ REPAIR,2019-01,0.28680203045685276,197
Repair Quality,ğŸ”§ REPAIR,2019-02,0.30573248407643322,157
Repair Quality,ğŸ”§ REPAIR,2019-03,0.27450980392156876,153
Repair Quality,ğŸ”§ REPAIR,2019-04,0.27450980392156871,153
Repair Quality,ğŸ”§ REPAIR,2019-05,0.29299363057324834,157
Repair Quality,ğŸ”§ REPAIR,2019-06,0.25862068965517238,116
Repair Quality,ğŸ”§ REPAIR,2019-07,0.29477611940298504,134
Repair Quality,ğŸ”§ REPAIR,2019-08,0.30399999999999988,125
Repair Quality,ğŸ”§ REPAIR,2019-09,0.32673267326732652,101
Repair Quality,ğŸ”§ REPAIR,2019-10,0.24264705882352952,136
Repair Quality,ğŸ”§ REPAIR,2019-11,0.30239520958083826,167
Repair Quality,ğŸ”§ REPAIR,2019-12,0.32481751824817512,137
Repair Quality,ğŸ”§ REPAIR,2020-01,0.22121212121212125,165
Repair Quality,ğŸ”§ REPAIR,2020-02,0.2456896551724139,116
Repair Quality,ğŸ”§ REPAIR,2020-03,0.28124999999999994,64
Repair Quality,ğŸ”§ REPAIR,2020-04,0.35064935064935054,77
Repair Quality,ğŸ”§ REPAIR,2020-05,0.37815126050420189,119
Repair Quality,ğŸ”§ REPAIR,2020-06,0.26548672566371684,113
Repair Quality,ğŸ”§ REPAIR,2020-07,0.23364485981308417,107
Repair Quality,ğŸ”§ REPAIR,2020-08,0.33333333333333354,87
Repair Quality,ğŸ”§ REPAIR,2020-09,0.30625000000000008,80
Repair Quality,ğŸ”§ REPAIR,2020-11,0.3,85
Repair Quality,ğŸ”§ REPAIR,2020-12,0.26153846153846172,130
Repair Quality,ğŸ”§ REPAIR,2021-01,0.39603960396039584,202
Repair Quality,ğŸ”§ REPAIR,2021-02,0.39655172413793133,261
Repair Quality,ğŸ”§ REPAIR,2021-03,0.574712643678161,261
Repair Speed,ğŸ”§ REPAIR,2017-02,0.4285714285714286,7
Repair Speed,ğŸ”§ REPAIR,2017-08,0.66666666666666663,6
Repair Speed,ğŸ”§ REPAIR,2017-10,0.071428571428571438,7
Repair Speed,ğŸ”§ REPAIR,2018-06,0.44444444444444442,9
Repair Speed,ğŸ”§ REPAIR,2018-10,0.071428571428571438,7
Repair Speed,ğŸ”§ REPAIR,2018-11,0.42307692307692307,13
Repair Speed,ğŸ”§ REPAIR,2018-12,0.46428571428571425,14
Repair Speed,ğŸ”§ REPAIR,2019-01,0.41666666666666669,12
Repair Speed,ğŸ”§ REPAIR,2019-02,0.45833333333333337,12
Repair Speed,ğŸ”§ REPAIR,2019-03,0.7,10
Repair Speed,ğŸ”§ REPAIR,2019-04,0.25,6
Repair Speed,ğŸ”§ REPAIR,2019-05,0.2142857142857143,7
Repair Speed,ğŸ”§ REPAIR,2019-06,0.25,6
Repair Speed,ğŸ”§ REPAIR,2019-07,0.58333333333333337,6
Repair Speed,ğŸ”§ REPAIR,2019-08,0.25,10
Repair Speed,ğŸ”§ REPAIR,2019-10,0.3888888888888889,9
Repair Speed,ğŸ”§ REPAIR,2019-11,0.42307692307692307,13
Repair Speed,ğŸ”§ REPAIR,2019-12,0.3888888888888889,9
Repair Speed,ğŸ”§ REPAIR,2020-01,0.20833333333333331,12
Repair Speed,ğŸ”§ REPAIR,2020-02,0.49999999999999994,7
Repair Speed,ğŸ”§ REPAIR,2020-06,0.42307692307692307,13
Repair Speed,ğŸ”§ REPAIR,2020-07,0.5,10
Repair Speed,ğŸ”§ REPAIR,2020-12,0.3125,8
Repair Speed,ğŸ”§ REPAIR,2021-01,0.55172413793103448,29
Repair Speed,ğŸ”§ REPAIR,2021-02,0.58426966292134841,89
Repair Speed,ğŸ”§ REPAIR,2021-03,0.74193548387096764,93
Repair Time,ğŸ”§ REPAIR,2017-05,0.083333333333333343,6
Repair Time,ğŸ”§ REPAIR,2020-01,0.0,6
Repair Time,ğŸ”§ REPAIR,2021-02,0.33333333333333331,6
Reputation,ğŸ·ï¸ BRAND,2017-01,0.0,7
Reputation,ğŸ·ï¸ BRAND,2017-02,0.039999999999999994,25
Reputation,ğŸ·ï¸ BRAND,2017-03,0.10810810810810813,37
Reputation,ğŸ·ï¸ BRAND,2017-04,0.083333333333333329,18
Reputation,ğŸ·ï¸ BRAND,2017-05,0.19047619047619049,21
Reputation,ğŸ·ï¸ BRAND,2017-06,0.3888888888888889,18
Reputation,ğŸ·ï¸ BRAND,2017-07,0.28846153846153849,26
Reputation,ğŸ·ï¸ BRAND,2017-08,0.23529411764705882,17
Reputation,ğŸ·ï¸ BRAND,2017-09,0.16666666666666663,27
Reputation,ğŸ·ï¸ BRAND,2017-10,0.2179487179487179,39
Reputation,ğŸ·ï¸ BRAND,2017-11,0.1607142857142857,28
Reputation,ğŸ·ï¸ BRAND,2017-12,0.10416666666666669,24
Reputation,ğŸ·ï¸ BRAND,2018-01,0.403225806451613,31
Reputation,ğŸ·ï¸ BRAND,2018-02,0.18750000000000003,32
Reputation,ğŸ·ï¸ BRAND,2018-03,0.062500000000000014,40
Reputation,ğŸ·ï¸ BRAND,2018-04,0.3,25
Reputation,ğŸ·ï¸ BRAND,2018-05,0.41176470588235292,17
Reputation,ğŸ·ï¸ BRAND,2018-06,0.125,24
Reputation,ğŸ·ï¸ BRAND,2018-07,0.282608695652174,23
Reputation,ğŸ·ï¸ BRAND,2018-08,0.25000000000000006,20
Reputation,ğŸ·ï¸ BRAND,2018-09,0.33333333333333331,15
Reputation,ğŸ·ï¸ BRAND,2018-10,0.18518518518518517,27
Reputation,ğŸ·ï¸ BRAND,2018-11,0.25,62
Reputation,ğŸ·ï¸ BRAND,2018-12,0.2666666666666665,75
Reputation,ğŸ·ï¸ BRAND,2019-01,0.34782608695652178,69
Reputation,ğŸ·ï¸ BRAND,2019-02,0.23188405797101444,69
Reputation,ğŸ·ï¸ BRAND,2019-03,0.2,85
Reputation,ğŸ·ï¸ BRAND,2019-04,0.34722222222222238,72
Reputation,ğŸ·ï¸ BRAND,2019-05,0.29605263157894735,76
Reputation,ğŸ·ï¸ BRAND,2019-06,0.1875,48
Reputation,ğŸ·ï¸ BRAND,2019-07,0.36458333333333326,48
Reputation,ğŸ·ï¸ BRAND,2019-08,0.26041666666666663,48
Reputation,ğŸ·ï¸ BRAND,2019-09,0.27868852459016386,61
Reputation,ğŸ·ï¸ BRAND,2019-10,0.31451612903225806,62
Reputation,ğŸ·ï¸ BRAND,2019-11,0.30769230769230765,52
Reputation,ğŸ·ï¸ BRAND,2019-12,0.28676470588235309,68
Reputation,ğŸ·ï¸ BRAND,2020-01,0.18571428571428578,70
Reputation,ğŸ·ï¸ BRAND,2020-02,0.16964285714285718,56
Reputation,ğŸ·ï¸ BRAND,2020-03,0.22413793103448276,29
Reputation,ğŸ·ï¸ BRAND,2020-04,0.30303030303030304,33
Reputation,ğŸ·ï¸ BRAND,2020-05,0.26041666666666669,48
Reputation,ğŸ·ï¸ BRAND,2020-06,0.18571428571428569,35
Reputation,ğŸ·ï¸ BRAND,2020-07,0.20161290322580649,62
Reputation,ğŸ·ï¸ BRAND,2020-08,0.13999999999999999,25
Reputation,ğŸ·ï¸ BRAND,2020-09,0.45348837209302317,43
Reputation,ğŸ·ï¸ BRAND,2020-11,0.21052631578947367,38
Reputation,ğŸ·ï¸ BRAND,2020-12,0.30952380952380948,42
Reputation,ğŸ·ï¸ BRAND,2021-01,0.19791666666666669,48
Reputation,ğŸ·ï¸ BRAND,2021-02,0.14583333333333334,48
Reputation,ğŸ·ï¸ BRAND,2021-03,0.40909090909090917,44
Spare Parts Shipment,ğŸ“¦ DELIVERY,2017-01,0.071428571428571438,14
Spare Parts Shipment,ğŸ“¦ DELIVERY,2017-02,0.026315789473684209,38
Spare Parts Shipment,ğŸ“¦ DELIVERY,2017-03,0.04545454545454547,33
Spare Parts Shipment,ğŸ“¦ DELIVERY,2017-04,0.020833333333333329,24
Spare Parts Shipment,ğŸ“¦ DELIVERY,2017-05,0.10000000000000003,35
Spare Parts Shipment,ğŸ“¦ DELIVERY,2017-06,0.078125000000000014,32
Spare Parts Shipment,ğŸ“¦ DELIVERY,2017-07,0.052631578947368418,19
Spare Parts Shipment,ğŸ“¦ DELIVERY,2017-08,0.16666666666666669,21
Spare Parts Shipment,ğŸ“¦ DELIVERY,2017-09,0.0,26
Spare Parts Shipment,ğŸ“¦ DELIVERY,2017-10,0.16666666666666669,21
Spare Parts Shipment,ğŸ“¦ DELIVERY,2017-11,0.051724137931034489,29
Spare Parts Shipment,ğŸ“¦ DELIVERY,2017-12,0.020833333333333336,24
Spare Parts Shipment,ğŸ“¦ DELIVERY,2018-01,0.16129032258064521,31
Spare Parts Shipment,ğŸ“¦ DELIVERY,2018-02,0.03333333333333334,30
Spare Parts Shipment,ğŸ“¦ DELIVERY,2018-03,0.017241379310344827,29
Spare Parts Shipment,ğŸ“¦ DELIVERY,2018-04,0.12500000000000003,24
Spare Parts Shipment,ğŸ“¦ DELIVERY,2018-05,0.14285714285714285,21
Spare Parts Shipment,ğŸ“¦ DELIVERY,2018-06,0.043478260869565216,23
Spare Parts Shipment,ğŸ“¦ DELIVERY,2018-07,0.024999999999999998,20
Spare Parts Shipment,ğŸ“¦ DELIVERY,2018-08,0.06666666666666668,15
Spare Parts Shipment,ğŸ“¦ DELIVERY,2018-09,0.0,11
Spare Parts Shipment,ğŸ“¦ DELIVERY,2018-10,0.0,15
Spare Parts Shipment,ğŸ“¦ DELIVERY,2018-11,0.044444444444444446,45
Spare Parts Shipment,ğŸ“¦ DELIVERY,2018-12,0.186046511627907,43
Spare Parts Shipment,ğŸ“¦ DELIVERY,2019-01,0.030769230769230771,65
Spare Parts Shipment,ğŸ“¦ DELIVERY,2019-02,0.022058823529411763,68
Spare Parts Shipment,ğŸ“¦ DELIVERY,2019-03,0.065789473684210537,38
Spare Parts Shipment,ğŸ“¦ DELIVERY,2019-04,0.035714285714285719,28
Spare Parts Shipment,ğŸ“¦ DELIVERY,2019-05,0.014285714285714285,35
Spare Parts Shipment,ğŸ“¦ DELIVERY,2019-06,0.052631578947368425,19
Spare Parts Shipment,ğŸ“¦ DELIVERY,2019-07,0.13333333333333336,30
Spare Parts Shipment,ğŸ“¦ DELIVERY,2019-08,0.095238095238095233,21
Spare Parts Shipment,ğŸ“¦ DELIVERY,2019-09,0.11538461538461539,39
Spare Parts Shipment,ğŸ“¦ DELIVERY,2019-10,0.044444444444444446,45
Spare Parts Shipment,ğŸ“¦ DELIVERY,2019-11,0.081395348837209308,43
Spare Parts Shipment,ğŸ“¦ DELIVERY,2019-12,0.1,35
Spare Parts Shipment,ğŸ“¦ DELIVERY,2020-01,0.028301886792452834,53
Spare Parts Shipment,ğŸ“¦ DELIVERY,2020-02,0.13333333333333339,30
Spare Parts Shipment,ğŸ“¦ DELIVERY,2020-03,0.2857142857142857,7
Spare Parts Shipment,ğŸ“¦ DELIVERY,2020-04,0.28571428571428575,7
Spare Parts Shipment,ğŸ“¦ DELIVERY,2020-05,0.13157894736842107,19
Spare Parts Shipment,ğŸ“¦ DELIVERY,2020-06,0.032258064516129031,31
Spare Parts Shipment,ğŸ“¦ DELIVERY,2020-07,0.067567567567567571,37
Spare Parts Shipment,ğŸ“¦ DELIVERY,2020-08,0.125,16
Spare Parts Shipment,ğŸ“¦ DELIVERY,2020-09,0.025000000000000005,20
Spare Parts Shipment,ğŸ“¦ DELIVERY,2020-11,0.26666666666666666,15
Spare Parts Shipment,ğŸ“¦ DELIVERY,2020-12,0.058823529411764705,34
Spare Parts Shipment,ğŸ“¦ DELIVERY,2021-01,0.12244897959183676,49
Spare Parts Shipment,ğŸ“¦ DELIVERY,2021-02,0.16091954022988506,87
Spare Parts Shipment,ğŸ“¦ DELIVERY,2021-03,0.13414634146341461,82
Technician,ğŸ”§ REPAIR,2017-01,0.0,7
Technician,ğŸ”§ REPAIR,2017-02,0.0,9
Technician,ğŸ”§ REPAIR,2017-03,0.125,8
Technician,ğŸ”§ REPAIR,2017-04,0.0,10
Technician,ğŸ”§ REPAIR,2017-05,0.0,11
Technician,ğŸ”§ REPAIR,2017-06,0.0,7
Technician,ğŸ”§ REPAIR,2017-07,0.0,8
Technician,ğŸ”§ REPAIR,2017-08,0.0,7
Technician,ğŸ”§ REPAIR,2017-09,0.0,8
Technician,ğŸ”§ REPAIR,2017-10,0.0,11
Technician,ğŸ”§ REPAIR,2017-11,0.0,13
Technician,ğŸ”§ REPAIR,2017-12,0.0,10
Technician,ğŸ”§ REPAIR,2018-01,0.0,16
Technician,ğŸ”§ REPAIR,2018-02,0.0,9
Technician,ğŸ”§ REPAIR,2018-04,0.0,6
Technician,ğŸ”§ REPAIR,2018-05,0.0,11
Technician,ğŸ”§ REPAIR,2018-06,0.0,8
Technician,ğŸ”§ REPAIR,2018-08,0.14285714285714288,7
Technician,ğŸ”§ REPAIR,2018-10,0.0,14
Technician,ğŸ”§ REPAIR,2018-11,0.0,20
Technician,ğŸ”§ REPAIR,2018-12,0.0,21
Technician,ğŸ”§ REPAIR,2019-01,0.047619047619047616,21
Technician,ğŸ”§ REPAIR,2019-02,0.0,23
Technician,ğŸ”§ REPAIR,2019-03,0.0,17
Technician,ğŸ”§ REPAIR,2019-04,0.0,10
Technician,ğŸ”§ REPAIR,2019-05,0.0,19
Technician,ğŸ”§ REPAIR,2019-06,0.0,13
Technician,ğŸ”§ REPAIR,2019-07,0.041666666666666671,12
Technician,ğŸ”§ REPAIR,2019-08,0.0,16
Technician,ğŸ”§ REPAIR,2019-09,0.0,12
Technician,ğŸ”§ REPAIR,2019-10,0.071428571428571425,21
Technician,ğŸ”§ REPAIR,2019-11,0.023809523809523808,21
Technician,ğŸ”§ REPAIR,2019-12,0.10000000000000002,15
Technician,ğŸ”§ REPAIR,2020-01,0.0,25
Technician,ğŸ”§ REPAIR,2020-02,0.0,19
Technician,ğŸ”§ REPAIR,2020-04,0.0,6
Technician,ğŸ”§ REPAIR,2020-05,0.099999999999999992,10
Technician,ğŸ”§ REPAIR,2020-06,0.027777777777777776,18
Technician,ğŸ”§ REPAIR,2020-07,0.15909090909090912,22
Technician,ğŸ”§ REPAIR,2020-08,0.0,12
Technician,ğŸ”§ REPAIR,2020-09,0.0,12
Technician,ğŸ”§ REPAIR,2020-11,0.071428571428571438,14
Technician,ğŸ”§ REPAIR,2020-12,0.0625,16
Technician,ğŸ”§ REPAIR,2021-01,0.026315789473684209,19
Technician,ğŸ”§ REPAIR,2021-02,0.0,17
Technician,ğŸ”§ REPAIR,2021-03,0.0,11
Technician Communication,ğŸ”§ REPAIR,2017-02,0.16666666666666666,12
Technician Communication,ğŸ”§ REPAIR,2017-03,0.33333333333333337,12
Technician Communication,ğŸ”§ REPAIR,2017-04,0.34615384615384615,13
Technician Communication,ğŸ”§ REPAIR,2017-05,0.23076923076923081,13
Technician Communication,ğŸ”§ REPAIR,2017-06,0.3125,8
Technician Communication,ğŸ”§ REPAIR,2017-07,0.43333333333333335,15
Technician Communication,ğŸ”§ REPAIR,2017-10,0.099999999999999992,10
Technician Communication,ğŸ”§ REPAIR,2017-11,0.18181818181818182,11
Technician Communication,ğŸ”§ REPAIR,2017-12,0.076923076923076913,13
Technician Communication,ğŸ”§ REPAIR,2018-01,0.2142857142857143,7
Technician Communication,ğŸ”§ REPAIR,2018-02,0.18181818181818185,11
Technician Communication,ğŸ”§ REPAIR,2018-03,0.53846153846153855,13
Technician Communication,ğŸ”§ REPAIR,2018-04,0.3125,8
Technician Communication,ğŸ”§ REPAIR,2018-05,0.1875,16
Technician Communication,ğŸ”§ REPAIR,2018-06,0.1111111111111111,9
Technician Communication,ğŸ”§ REPAIR,2018-07,0.26315789473684215,19
Technician Communication,ğŸ”§ REPAIR,2018-08,0.045454545454545449,11
Technician Communication,ğŸ”§ REPAIR,2018-09,0.071428571428571438,7
Technician Communication,ğŸ”§ REPAIR,2018-10,0.0,16
Technician Communication,ğŸ”§ REPAIR,2018-11,0.10000000000000002,20
Technician Communication,ğŸ”§ REPAIR,2018-12,0.19230769230769229,39
Technician Communication,ğŸ”§ REPAIR,2019-01,0.25000000000000006,32
Technician Communication,ğŸ”§ REPAIR,2019-02,0.18181818181818185,44
Technician Communication,ğŸ”§ REPAIR,2019-03,0.10344827586206896,29
Technician Communication,ğŸ”§ REPAIR,2019-04,0.31578947368421056,38
Technician Communication,ğŸ”§ REPAIR,2019-05,0.14516129032258063,31
Technician Communication,ğŸ”§ REPAIR,2019-06,0.28947368421052638,19
Technician Communication,ğŸ”§ REPAIR,2019-07,0.10344827586206898,29
Technician Communication,ğŸ”§ REPAIR,2019-08,0.062500000000000014,16
Technician Communication,ğŸ”§ REPAIR,2019-09,0.10526315789473684,19
Technician Communication,ğŸ”§ REPAIR,2019-10,0.17241379310344832,29
Technician Communication,ğŸ”§ REPAIR,2019-11,0.21212121212121218,33
Technician Communication,ğŸ”§ REPAIR,2019-12,0.058823529411764733,34
Technician Communication,ğŸ”§ REPAIR,2020-01,0.21666666666666673,30
Technician Communication,ğŸ”§ REPAIR,2020-02,0.17741935483870969,31
Technician Communication,ğŸ”§ REPAIR,2020-03,0.15384615384615383,13
Technician Communication,ğŸ”§ REPAIR,2020-04,0.20833333333333331,12
Technician Communication,ğŸ”§ REPAIR,2020-05,0.23333333333333339,15
Technician Communication,ğŸ”§ REPAIR,2020-06,0.14583333333333337,24
Technician Communication,ğŸ”§ REPAIR,2020-07,0.1875,32
Technician Communication,ğŸ”§ REPAIR,2020-08,0.14705882352941177,17
Technician Communication,ğŸ”§ REPAIR,2020-09,0.14814814814814817,27
Technician Communication,ğŸ”§ REPAIR,2020-11,0.26,25
Technician Communication,ğŸ”§ REPAIR,2020-12,0.28048780487804875,41
Technician Communication,ğŸ”§ REPAIR,2021-01,0.26666666666666672,45
Technician Communication,ğŸ”§ REPAIR,2021-02,0.35714285714285721,42
Technician Communication,ğŸ”§ REPAIR,2021-03,0.3061224489795919,49
Technician Professionalism,ğŸ”§ REPAIR,2017-01,0.18852459016393444,61
Technician Professionalism,ğŸ”§ REPAIR,2017-02,0.18686868686868691,99
Technician Professionalism,ğŸ”§ REPAIR,2017-03,0.24725274725274715,91
Technician Professionalism,ğŸ”§ REPAIR,2017-04,0.2384615384615385,65
Technician Professionalism,ğŸ”§ REPAIR,2017-05,0.2537313432835821,67
Technician Professionalism,ğŸ”§ REPAIR,2017-06,0.43589743589743607,78
Technician Professionalism,ğŸ”§ REPAIR,2017-07,0.36250000000000004,80
Technician Professionalism,ğŸ”§ REPAIR,2017-08,0.22826086956521743,46
Technician Professionalism,ğŸ”§ REPAIR,2017-09,0.30666666666666675,75
Technician Professionalism,ğŸ”§ REPAIR,2017-10,0.36274509803921573,102
Technician Professionalism,ğŸ”§ REPAIR,2017-11,0.20744680851063832,94
Technician Professionalism,ğŸ”§ REPAIR,2017-12,0.26704545454545442,88
Technician Professionalism,ğŸ”§ REPAIR,2018-01,0.30188679245283012,106
Technician Professionalism,ğŸ”§ REPAIR,2018-02,0.37280701754385981,114
Technician Professionalism,ğŸ”§ REPAIR,2018-03,0.32474226804123707,97
Technician Professionalism,ğŸ”§ REPAIR,2018-04,0.21052631578947373,57
Technician Professionalism,ğŸ”§ REPAIR,2018-05,0.33490566037735853,106
Technician Professionalism,ğŸ”§ REPAIR,2018-06,0.25625,80
Technician Professionalism,ğŸ”§ REPAIR,2018-07,0.39534883720930247,86
Technician Professionalism,ğŸ”§ REPAIR,2018-08,0.19354838709677424,62
Technician Professionalism,ğŸ”§ REPAIR,2018-09,0.11538461538461538,39
Technician Professionalism,ğŸ”§ REPAIR,2018-10,0.25324675324675328,77
Technician Professionalism,ğŸ”§ REPAIR,2018-11,0.33333333333333343,159
Technician Professionalism,ğŸ”§ REPAIR,2018-12,0.37045454545454548,220
Technician Professionalism,ğŸ”§ REPAIR,2019-01,0.295045045045045,222
Technician Professionalism,ğŸ”§ REPAIR,2019-02,0.367298578199052,211
Technician Professionalism,ğŸ”§ REPAIR,2019-03,0.31989247311827967,186
Technician Professionalism,ğŸ”§ REPAIR,2019-04,0.39197530864197511,162
Technician Professionalism,ğŸ”§ REPAIR,2019-05,0.36386138613861396,202
Technician Professionalism,ğŸ”§ REPAIR,2019-06,0.41411042944785276,163
Technician Professionalism,ğŸ”§ REPAIR,2019-07,0.28716216216216228,148
Technician Professionalism,ğŸ”§ REPAIR,2019-08,0.34876543209876543,162
Technician Professionalism,ğŸ”§ REPAIR,2019-09,0.37586206896551727,145
Technician Professionalism,ğŸ”§ REPAIR,2019-10,0.29365079365079344,189
Technician Professionalism,ğŸ”§ REPAIR,2019-11,0.34905660377358516,212
Technician Professionalism,ğŸ”§ REPAIR,2019-12,0.38819875776397511,161
Technician Professionalism,ğŸ”§ REPAIR,2020-01,0.35121951219512187,205
Technician Professionalism,ğŸ”§ REPAIR,2020-02,0.34705882352941175,170
Technician Professionalism,ğŸ”§ REPAIR,2020-03,0.37500000000000011,88
Technician Professionalism,ğŸ”§ REPAIR,2020-04,0.44000000000000011,75
Technician Professionalism,ğŸ”§ REPAIR,2020-05,0.34615384615384603,117
Technician Professionalism,ğŸ”§ REPAIR,2020-06,0.32926829268292679,123
Technician Professionalism,ğŸ”§ REPAIR,2020-07,0.35971223021582738,139
Technician Professionalism,ğŸ”§ REPAIR,2020-08,0.33908045977011514,87
Technician Professionalism,ğŸ”§ REPAIR,2020-09,0.31203007518796994,133
Technician Professionalism,ğŸ”§ REPAIR,2020-10,0.5714285714285714,7
Technician Professionalism,ğŸ”§ REPAIR,2020-11,0.40384615384615369,104
Technician Professionalism,ğŸ”§ REPAIR,2020-12,0.34642857142857136,140
Technician Professionalism,ğŸ”§ REPAIR,2021-01,0.62056737588652455,282
Technician Professionalism,ğŸ”§ REPAIR,2021-02,0.66815144766146928,449
Technician Professionalism,ğŸ”§ REPAIR,2021-03,0.71255506607929553,454
Time Slots,â±ï¸ APPOINTMENT,2017-05,0.1111111111111111,9
Time Slots,â±ï¸ APPOINTMENT,2017-08,0.25,6
Time Slots,â±ï¸ APPOINTMENT,2017-09,0.0,9
Time Slots,â±ï¸ APPOINTMENT,2018-01,0.0909090909090909,11
Time Slots,â±ï¸ APPOINTMENT,2018-05,0.083333333333333343,6
Time Slots,â±ï¸ APPOINTMENT,2018-10,0.17857142857142855,14
Time Slots,â±ï¸ APPOINTMENT,2018-12,0.0625,8
Time Slots,â±ï¸ APPOINTMENT,2019-01,0.19230769230769229,13
Time Slots,â±ï¸ APPOINTMENT,2019-02,0.041666666666666664,12
Time Slots,â±ï¸ APPOINTMENT,2019-03,0.1875,8
Time Slots,â±ï¸ APPOINTMENT,2019-04,0.2142857142857143,7
Time Slots,â±ï¸ APPOINTMENT,2019-06,0.16666666666666669,6
Time Slots,â±ï¸ APPOINTMENT,2019-07,0.35714285714285715,7
Time Slots,â±ï¸ APPOINTMENT,2019-08,0.14285714285714288,7
Time Slots,â±ï¸ APPOINTMENT,2019-10,0.16666666666666666,9
Time Slots,â±ï¸ APPOINTMENT,2019-11,0.35,10
Time Slots,â±ï¸ APPOINTMENT,2019-12,0.055555555555555566,9
Time Slots,â±ï¸ APPOINTMENT,2020-01,0.083333333333333343,6
Time Slots,â±ï¸ APPOINTMENT,2020-05,0.083333333333333343,6
Time Slots,â±ï¸ APPOINTMENT,2020-07,0.33333333333333331,9
Time Slots,â±ï¸ APPOINTMENT,2020-09,0.25,10
Time Slots,â±ï¸ APPOINTMENT,2020-12,0.071428571428571425,7
Time Slots,â±ï¸ APPOINTMENT,2021-01,0.0,7
Time Slots,â±ï¸ APPOINTMENT,2021-02,0.29166666666666669,12
Time Slots,â±ï¸ APPOINTMENT,2021-03,0.27777777777777779,9
Waiting Contact ,âŒ› CONTACT / WAITING,2017-01,0.0,37
Waiting Contact ,âŒ› CONTACT / WAITING,2017-02,0.030769230769230774,65
Waiting Contact ,âŒ› CONTACT / WAITING,2017-03,0.0,42
Waiting Contact ,âŒ› CONTACT / WAITING,2017-04,0.051282051282051287,39
Waiting Contact ,âŒ› CONTACT / WAITING,2017-05,0.031914893617021274,47
Waiting Contact ,âŒ› CONTACT / WAITING,2017-06,0.013888888888888888,36
Waiting Contact ,âŒ› CONTACT / WAITING,2017-07,0.15909090909090909,22
Waiting Contact ,âŒ› CONTACT / WAITING,2017-08,0.18750000000000003,16
Waiting Contact ,âŒ› CONTACT / WAITING,2017-09,0.10000000000000005,40
Waiting Contact ,âŒ› CONTACT / WAITING,2017-10,0.019230769230769228,26
Waiting Contact ,âŒ› CONTACT / WAITING,2017-11,0.053571428571428568,28
Waiting Contact ,âŒ› CONTACT / WAITING,2017-12,0.016666666666666666,30
Waiting Contact ,âŒ› CONTACT / WAITING,2018-01,0.013513513513513514,37
Waiting Contact ,âŒ› CONTACT / WAITING,2018-02,0.019999999999999997,25
Waiting Contact ,âŒ› CONTACT / WAITING,2018-03,0.012195121951219511,41
Waiting Contact ,âŒ› CONTACT / WAITING,2018-04,0.0,9
Waiting Contact ,âŒ› CONTACT / WAITING,2018-05,0.093749999999999986,16
Waiting Contact ,âŒ› CONTACT / WAITING,2018-06,0.0,19
Waiting Contact ,âŒ› CONTACT / WAITING,2018-07,0.0,7
Waiting Contact ,âŒ› CONTACT / WAITING,2018-08,0.090909090909090925,11
Waiting Contact ,âŒ› CONTACT / WAITING,2018-09,0.16666666666666663,18
Waiting Contact ,âŒ› CONTACT / WAITING,2018-10,0.1153846153846154,26
Waiting Contact ,âŒ› CONTACT / WAITING,2018-11,0.049019607843137261,51
Waiting Contact ,âŒ› CONTACT / WAITING,2018-12,0.04761904761904763,63
Waiting Contact ,âŒ› CONTACT / WAITING,2019-01,0.058333333333333341,60
Waiting Contact ,âŒ› CONTACT / WAITING,2019-02,0.087837837837837857,74
Waiting Contact ,âŒ› CONTACT / WAITING,2019-03,0.0925925925925926,54
Waiting Contact ,âŒ› CONTACT / WAITING,2019-04,0.01785714285714286,28
Waiting Contact ,âŒ› CONTACT / WAITING,2019-05,0.083333333333333343,54
Waiting Contact ,âŒ› CONTACT / WAITING,2019-06,0.0,35
Waiting Contact ,âŒ› CONTACT / WAITING,2019-07,0.05128205128205128,39
Waiting Contact ,âŒ› CONTACT / WAITING,2019-08,0.19999999999999998,25
Waiting Contact ,âŒ› CONTACT / WAITING,2019-09,0.055555555555555552,18
Waiting Contact ,âŒ› CONTACT / WAITING,2019-10,0.18333333333333332,30
Waiting Contact ,âŒ› CONTACT / WAITING,2019-11,0.073529411764705913,68
Waiting Contact ,âŒ› CONTACT / WAITING,2019-12,0.075000000000000011,40
Waiting Contact ,âŒ› CONTACT / WAITING,2020-01,0.025,40
Waiting Contact ,âŒ› CONTACT / WAITING,2020-02,0.05,20
Waiting Contact ,âŒ› CONTACT / WAITING,2020-03,0.062500000000000014,16
Waiting Contact ,âŒ› CONTACT / WAITING,2020-05,0.031250000000000007,16
Waiting Contact ,âŒ› CONTACT / WAITING,2020-06,0.083333333333333315,24
Waiting Contact ,âŒ› CONTACT / WAITING,2020-07,0.13636363636363635,11
Waiting Contact ,âŒ› CONTACT / WAITING,2020-08,0.0,8
Waiting Contact ,âŒ› CONTACT / WAITING,2020-09,0.089285714285714274,28
Waiting Contact ,âŒ› CONTACT / WAITING,2020-11,0.095238095238095233,21
Waiting Contact ,âŒ› CONTACT / WAITING,2020-12,0.088235294117647051,17
Waiting Contact ,âŒ› CONTACT / WAITING,2021-01,0.13492063492063497,63
Waiting Contact ,âŒ› CONTACT / WAITING,2021-02,0.17924528301886791,53
Waiting Contact ,âŒ› CONTACT / WAITING,2021-03,0.13,50
Waiting Intervention,â±ï¸ APPOINTMENT,2017-01,0.14772727272727276,44
Waiting Intervention,â±ï¸ APPOINTMENT,2017-02,0.0967741935483871,93
Waiting Intervention,â±ï¸ APPOINTMENT,2017-03,0.0979381443298969,97
Waiting Intervention,â±ï¸ APPOINTMENT,2017-04,0.16477272727272724,88
Waiting Intervention,â±ï¸ APPOINTMENT,2017-05,0.12500000000000003,96
Waiting Intervention,â±ï¸ APPOINTMENT,2017-06,0.17553191489361705,94
Waiting Intervention,â±ï¸ APPOINTMENT,2017-07,0.12499999999999999,76
Waiting Intervention,â±ï¸ APPOINTMENT,2017-08,0.14,50
Waiting Intervention,â±ï¸ APPOINTMENT,2017-09,0.10909090909090907,55
Waiting Intervention,â±ï¸ APPOINTMENT,2017-10,0.12980769230769232,104
Waiting Intervention,â±ï¸ APPOINTMENT,2017-11,0.10084033613445378,119
Waiting Intervention,â±ï¸ APPOINTMENT,2017-12,0.086538461538461536,104
Waiting Intervention,â±ï¸ APPOINTMENT,2018-01,0.15656565656565655,99
Waiting Intervention,â±ï¸ APPOINTMENT,2018-02,0.0900900900900901,111
Waiting Intervention,â±ï¸ APPOINTMENT,2018-03,0.10194174757281552,103
Waiting Intervention,â±ï¸ APPOINTMENT,2018-04,0.11016949152542374,59
Waiting Intervention,â±ï¸ APPOINTMENT,2018-05,0.13461538461538466,78
Waiting Intervention,â±ï¸ APPOINTMENT,2018-06,0.13636363636363641,77
Waiting Intervention,â±ï¸ APPOINTMENT,2018-07,0.13253012048192772,83
Waiting Intervention,â±ï¸ APPOINTMENT,2018-08,0.1057692307692308,52
Waiting Intervention,â±ï¸ APPOINTMENT,2018-09,0.14,50
Waiting Intervention,â±ï¸ APPOINTMENT,2018-10,0.16883116883116889,77
Waiting Intervention,â±ï¸ APPOINTMENT,2018-11,0.11956521739130441,138
Waiting Intervention,â±ï¸ APPOINTMENT,2018-12,0.15168539325842692,178
Waiting Intervention,â±ï¸ APPOINTMENT,2019-01,0.14318181818181816,220
Waiting Intervention,â±ï¸ APPOINTMENT,2019-02,0.15753424657534237,219
Waiting Intervention,â±ï¸ APPOINTMENT,2019-03,0.066406250000000014,128
Waiting Intervention,â±ï¸ APPOINTMENT,2019-04,0.079646017699115057,113
Waiting Intervention,â±ï¸ APPOINTMENT,2019-05,0.13513513513513511,148
Waiting Intervention,â±ï¸ APPOINTMENT,2019-06,0.13861386138613863,101
Waiting Intervention,â±ï¸ APPOINTMENT,2019-07,0.12500000000000006,100
Waiting Intervention,â±ï¸ APPOINTMENT,2019-08,0.13839285714285721,112
Waiting Intervention,â±ï¸ APPOINTMENT,2019-09,0.20000000000000007,120
Waiting Intervention,â±ï¸ APPOINTMENT,2019-10,0.1401273885350319,157
Waiting Intervention,â±ï¸ APPOINTMENT,2019-11,0.1409395973154362,149
Waiting Intervention,â±ï¸ APPOINTMENT,2019-12,0.13245033112582788,151
Waiting Intervention,â±ï¸ APPOINTMENT,2020-01,0.139344262295082,183
Waiting Intervention,â±ï¸ APPOINTMENT,2020-02,0.11904761904761905,147
Waiting Intervention,â±ï¸ APPOINTMENT,2020-03,0.22435897435897439,78
Waiting Intervention,â±ï¸ APPOINTMENT,2020-04,0.23134328358208955,67
Waiting Intervention,â±ï¸ APPOINTMENT,2020-05,0.18421052631578955,95
Waiting Intervention,â±ï¸ APPOINTMENT,2020-06,0.18965517241379312,87
Waiting Intervention,â±ï¸ APPOINTMENT,2020-07,0.12650602409638556,83
Waiting Intervention,â±ï¸ APPOINTMENT,2020-08,0.10000000000000002,50
Waiting Intervention,â±ï¸ APPOINTMENT,2020-09,0.18390804597701149,87
Waiting Intervention,â±ï¸ APPOINTMENT,2020-10,0.27777777777777779,9
Waiting Intervention,â±ï¸ APPOINTMENT,2020-11,0.19718309859154937,71
Waiting Intervention,â±ï¸ APPOINTMENT,2020-12,0.13333333333333336,90
Waiting Intervention,â±ï¸ APPOINTMENT,2021-01,0.19591836734693874,245
Waiting Intervention,â±ï¸ APPOINTMENT,2021-02,0.21388101983002847,353
Waiting Intervention,â±ï¸ APPOINTMENT,2021-03,0.22328244274809161,262
Warranty Coverage Quality ,ğŸ“‹ WARRANTY EXTENSION,2017-01,0.13333333333333333,15
Warranty Coverage Quality ,ğŸ“‹ WARRANTY EXTENSION,2017-02,0.083333333333333343,18
Warranty Coverage Quality ,ğŸ“‹ WARRANTY EXTENSION,2017-03,0.015625,32
Warranty Coverage Quality ,ğŸ“‹ WARRANTY EXTENSION,2017-04,0.17391304347826086,23
Warranty Coverage Quality ,ğŸ“‹ WARRANTY EXTENSION,2017-05,0.15000000000000002,20
Warranty Coverage Quality ,ğŸ“‹ WARRANTY EXTENSION,2017-06,0.090909090909090925,22
Warranty Coverage Quality ,ğŸ“‹ WARRANTY EXTENSION,2017-07,0.16666666666666669,18
Warranty Coverage Quality ,ğŸ“‹ WARRANTY EXTENSION,2017-08,0.30000000000000004,15
Warranty Coverage Quality ,ğŸ“‹ WARRANTY EXTENSION,2017-09,0.066666666666666666,15
Warranty Coverage Quality ,ğŸ“‹ WARRANTY EXTENSION,2017-10,0.125,20
Warranty Coverage Quality ,ğŸ“‹ WARRANTY EXTENSION,2017-11,0.066666666666666666,15
Warranty Coverage Quality ,ğŸ“‹ WARRANTY EXTENSION,2017-12,0.083333333333333343,18
Warranty Coverage Quality ,ğŸ“‹ WARRANTY EXTENSION,2018-01,0.076923076923076927,13
Warranty Coverage Quality ,ğŸ“‹ WARRANTY EXTENSION,2018-02,0.1875,16
Warranty Coverage Quality ,ğŸ“‹ WARRANTY EXTENSION,2018-03,0.088235294117647065,17
Warranty Coverage Quality ,ğŸ“‹ WARRANTY EXTENSION,2018-04,0.0,13
Warranty Coverage Quality ,ğŸ“‹ WARRANTY EXTENSION,2018-05,0.125,24
Warranty Coverage Quality ,ğŸ“‹ WARRANTY EXTENSION,2018-06,0.13636363636363635,11
Warranty Coverage Quality ,ğŸ“‹ WARRANTY EXTENSION,2018-07,0.17391304347826086,23
Warranty Coverage Quality ,ğŸ“‹ WARRANTY EXTENSION,2018-08,0.076923076923076927,13
Warranty Coverage Quality ,ğŸ“‹ WARRANTY EXTENSION,2018-09,0.15,10
Warranty Coverage Quality ,ğŸ“‹ WARRANTY EXTENSION,2018-10,0.12500000000000003,16
Warranty Coverage Quality ,ğŸ“‹ WARRANTY EXTENSION,2018-11,0.039473684210526321,38
Warranty Coverage Quality ,ğŸ“‹ WARRANTY EXTENSION,2018-12,0.045454545454545463,44
Warranty Coverage Quality ,ğŸ“‹ WARRANTY EXTENSION,2019-01,0.078125,32
Warranty Coverage Quality ,ğŸ“‹ WARRANTY EXTENSION,2019-02,0.081395348837209322,43
Warranty Coverage Quality ,ğŸ“‹ WARRANTY EXTENSION,2019-03,0.030303030303030304,33
Warranty Coverage Quality ,ğŸ“‹ WARRANTY EXTENSION,2019-04,0.11538461538461543,39
Warranty Coverage Quality ,ğŸ“‹ WARRANTY EXTENSION,2019-05,0.12962962962962965,27
Warranty Coverage Quality ,ğŸ“‹ WARRANTY EXTENSION,2019-06,0.18085106382978727,47
Warranty Coverage Quality ,ğŸ“‹ WARRANTY EXTENSION,2019-07,0.047619047619047616,21
Warranty Coverage Quality ,ğŸ“‹ WARRANTY EXTENSION,2019-08,0.1551724137931034,29
Warranty Coverage Quality ,ğŸ“‹ WARRANTY EXTENSION,2019-09,0.045454545454545463,22
Warranty Coverage Quality ,ğŸ“‹ WARRANTY EXTENSION,2019-10,0.059523809523809534,42
Warranty Coverage Quality ,ğŸ“‹ WARRANTY EXTENSION,2019-11,0.056818181818181844,44
Warranty Coverage Quality ,ğŸ“‹ WARRANTY EXTENSION,2019-12,0.17647058823529407,34
Warranty Coverage Quality ,ğŸ“‹ WARRANTY EXTENSION,2020-01,0.11224489795918369,49
Warranty Coverage Quality ,ğŸ“‹ WARRANTY EXTENSION,2020-02,0.12000000000000002,50
Warranty Coverage Quality ,ğŸ“‹ WARRANTY EXTENSION,2020-03,0.10000000000000002,10
Warranty Coverage Quality ,ğŸ“‹ WARRANTY EXTENSION,2020-04,0.035714285714285712,14
Warranty Coverage Quality ,ğŸ“‹ WARRANTY EXTENSION,2020-05,0.096153846153846173,26
Warranty Coverage Quality ,ğŸ“‹ WARRANTY EXTENSION,2020-06,0.11666666666666667,30
Warranty Coverage Quality ,ğŸ“‹ WARRANTY EXTENSION,2020-07,0.0625,32
Warranty Coverage Quality ,ğŸ“‹ WARRANTY EXTENSION,2020-08,0.0625,24
Warranty Coverage Quality ,ğŸ“‹ WARRANTY EXTENSION,2020-09,0.2391304347826087,23
Warranty Coverage Quality ,ğŸ“‹ WARRANTY EXTENSION,2020-11,0.092592592592592587,27
Warranty Coverage Quality ,ğŸ“‹ WARRANTY EXTENSION,2020-12,0.049999999999999996,20
Warranty Coverage Quality ,ğŸ“‹ WARRANTY EXTENSION,2021-01,0.081081081081081058,37
Warranty Coverage Quality ,ğŸ“‹ WARRANTY EXTENSION,2021-02,0.15517241379310345,29
Warranty Coverage Quality ,ğŸ“‹ WARRANTY EXTENSION,2021-03,0.13513513513513514,37
Warranty Extension,ğŸ“‹ WARRANTY EXTENSION,2017-01,0.10000000000000002,15
Warranty Extension,ğŸ“‹ WARRANTY EXTENSION,2017-02,0.10204081632653067,49
Warranty Extension,ğŸ“‹ WARRANTY EXTENSION,2017-03,0.086956521739130488,46
Warranty Extension,ğŸ“‹ WARRANTY EXTENSION,2017-04,0.12068965517241378,29
Warranty Extension,ğŸ“‹ WARRANTY EXTENSION,2017-05,0.12222222222222225,45
Warranty Extension,ğŸ“‹ WARRANTY EXTENSION,2017-06,0.16249999999999995,40
Warranty Extension,ğŸ“‹ WARRANTY EXTENSION,2017-07,0.12162162162162163,37
Warranty Extension,ğŸ“‹ WARRANTY EXTENSION,2017-08,0.038461538461538457,13
Warranty Extension,ğŸ“‹ WARRANTY EXTENSION,2017-09,0.20454545454545456,22
Warranty Extension,ğŸ“‹ WARRANTY EXTENSION,2017-10,0.14814814814814817,27
Warranty Extension,ğŸ“‹ WARRANTY EXTENSION,2017-11,0.13793103448275865,29
Warranty Extension,ğŸ“‹ WARRANTY EXTENSION,2017-12,0.094594594594594628,37
Warranty Extension,ğŸ“‹ WARRANTY EXTENSION,2018-01,0.20512820512820512,39
Warranty Extension,ğŸ“‹ WARRANTY EXTENSION,2018-02,0.22619047619047614,42
Warranty Extension,ğŸ“‹ WARRANTY EXTENSION,2018-03,0.074074074074074084,27
Warranty Extension,ğŸ“‹ WARRANTY EXTENSION,2018-04,0.18000000000000002,25
Warranty Extension,ğŸ“‹ WARRANTY EXTENSION,2018-05,0.17741935483870969,31
Warranty Extension,ğŸ“‹ WARRANTY EXTENSION,2018-06,0.1818181818181818,22
Warranty Extension,ğŸ“‹ WARRANTY EXTENSION,2018-07,0.21739130434782611,23
Warranty Extension,ğŸ“‹ WARRANTY EXTENSION,2018-08,0.0,16
Warranty Extension,ğŸ“‹ WARRANTY EXTENSION,2018-09,0.18749999999999997,16
Warranty Extension,ğŸ“‹ WARRANTY EXTENSION,2018-10,0.20454545454545459,22
Warranty Extension,ğŸ“‹ WARRANTY EXTENSION,2018-11,0.087500000000000022,40
Warranty Extension,ğŸ“‹ WARRANTY EXTENSION,2018-12,0.20652173913043476,46
Warranty Extension,ğŸ“‹ WARRANTY EXTENSION,2019-01,0.22222222222222218,63
Warranty Extension,ğŸ“‹ WARRANTY EXTENSION,2019-02,0.11971830985915495,71
Warranty Extension,ğŸ“‹ WARRANTY EXTENSION,2019-03,0.1615384615384616,65
Warranty Extension,ğŸ“‹ WARRANTY EXTENSION,2019-04,0.11111111111111115,45
Warranty Extension,ğŸ“‹ WARRANTY EXTENSION,2019-05,0.23255813953488372,43
Warranty Extension,ğŸ“‹ WARRANTY EXTENSION,2019-06,0.14583333333333334,48
Warranty Extension,ğŸ“‹ WARRANTY EXTENSION,2019-07,0.10714285714285714,28
Warranty Extension,ğŸ“‹ WARRANTY EXTENSION,2019-08,0.26136363636363641,44
Warranty Extension,ğŸ“‹ WARRANTY EXTENSION,2019-09,0.13414634146341464,41
Warranty Extension,ğŸ“‹ WARRANTY EXTENSION,2019-10,0.15573770491803285,61
Warranty Extension,ğŸ“‹ WARRANTY EXTENSION,2019-11,0.2,75
Warranty Extension,ğŸ“‹ WARRANTY EXTENSION,2019-12,0.14285714285714285,35
Warranty Extension,ğŸ“‹ WARRANTY EXTENSION,2020-01,0.18548387096774194,62
Warranty Extension,ğŸ“‹ WARRANTY EXTENSION,2020-02,0.11718750000000003,64
Warranty Extension,ğŸ“‹ WARRANTY EXTENSION,2020-03,0.19696969696969696,33
Warranty Extension,ğŸ“‹ WARRANTY EXTENSION,2020-04,0.22413793103448276,29
Warranty Extension,ğŸ“‹ WARRANTY EXTENSION,2020-05,0.093750000000000014,48
Warranty Extension,ğŸ“‹ WARRANTY EXTENSION,2020-06,0.21568627450980396,51
Warranty Extension,ğŸ“‹ WARRANTY EXTENSION,2020-07,0.1764705882352941,51
Warranty Extension,ğŸ“‹ WARRANTY EXTENSION,2020-08,0.19642857142857142,28
Warranty Extension,ğŸ“‹ WARRANTY EXTENSION,2020-09,0.19999999999999998,45
Warranty Extension,ğŸ“‹ WARRANTY EXTENSION,2020-11,0.30434782608695649,46
Warranty Extension,ğŸ“‹ WARRANTY EXTENSION,2020-12,0.16666666666666669,42
Warranty Extension,ğŸ“‹ WARRANTY EXTENSION,2021-01,0.15957446808510642,47
Warranty Extension,ğŸ“‹ WARRANTY EXTENSION,2021-02,0.12244897959183669,49
Warranty Extension,ğŸ“‹ WARRANTY EXTENSION,2021-03,0.10638297872340428,47
Warranty Extension Cost,ğŸ“‹ WARRANTY EXTENSION,2020-08,0.33333333333333331,6
